company,company_type,year,quarter,quarterly_revenue_mil,quarterly_revenue,gross_profit_mil,gross_profit,gross_margin,users_mil,users,user_type,revenue_per_user,term_1,gross_margin_density,gmd_coef,qoq_user_growth
Visa,payment_processor,2.01E+03,3.00E+00,1.71E+03,1.71E+09,1.30E+03,1.30E+09,7.60E-01,1.67E+03,1.67E+09,cards,1.02E+00,6.61E-11,4.54E-10,-3.88E-10,1.85E-02
Visa,payment_processor,2.01E+03,4.00E+00,1.74E+03,1.74E+09,1.35E+03,1.35E+09,7.75E-01,1.72E+03,1.72E+09,cards,1.01E+00,6.38E-11,4.51E-10,-3.87E-10,2.62E-02
Visa,payment_processor,2.01E+03,1.00E+00,1.65E+03,1.65E+09,1.26E+03,1.26E+09,7.67E-01,1.72E+03,1.72E+09,cards,9.60E-01,6.01E-11,4.45E-10,-3.85E-10,3.50E-03
Visa,payment_processor,2.01E+03,2.00E+00,1.65E+03,1.65E+09,1.27E+03,1.27E+09,7.70E-01,1.73E+03,1.73E+09,cards,9.50E-01,5.95E-11,4.44E-10,-3.85E-10,4.60E-03
Visa,payment_processor,2.01E+03,3.00E+00,1.88E+03,1.88E+09,1.41E+03,1.41E+09,7.52E-01,1.77E+03,1.77E+09,cards,1.06E+00,6.50E-11,4.26E-10,-3.61E-10,1.87E-02
Visa,payment_processor,2.01E+03,4.00E+00,1.96E+03,1.96E+09,1.58E+03,1.58E+09,8.07E-01,1.81E+03,1.81E+09,cards,1.08E+00,6.45E-11,4.46E-10,-3.82E-10,2.38E-02
Visa,payment_processor,2.01E+03,1.00E+00,1.96E+03,1.96E+09,1.55E+03,1.55E+09,7.92E-01,1.82E+03,1.82E+09,cards,1.07E+00,6.34E-11,4.34E-10,-3.71E-10,8.80E-03
Visa,payment_processor,2.01E+03,2.00E+00,2.03E+03,2.03E+09,1.64E+03,1.64E+09,8.09E-01,1.84E+03,1.84E+09,cards,1.10E+00,6.46E-11,4.40E-10,-3.76E-10,7.10E-03
Visa,payment_processor,2.01E+03,3.00E+00,2.12E+03,2.12E+09,1.65E+03,1.65E+09,7.77E-01,1.85E+03,1.85E+09,cards,1.14E+00,6.62E-11,4.20E-10,-3.53E-10,8.10E-03
Visa,payment_processor,2.01E+03,4.00E+00,2.24E+03,2.24E+09,1.80E+03,1.80E+09,8.05E-01,1.90E+03,1.90E+09,cards,1.18E+00,6.64E-11,4.24E-10,-3.58E-10,2.42E-02
Visa,payment_processor,2.01E+03,1.00E+00,2.25E+03,2.25E+09,1.81E+03,1.81E+09,8.08E-01,1.87E+03,1.87E+09,cards,1.20E+00,6.88E-11,4.33E-10,-3.64E-10,-1.61E-02
Visa,payment_processor,2.01E+03,2.00E+00,2.32E+03,2.32E+09,1.87E+03,1.87E+09,8.05E-01,1.90E+03,1.90E+09,cards,1.22E+00,6.85E-11,4.23E-10,-3.54E-10,1.84E-02
Visa,payment_processor,2.01E+03,3.00E+00,2.38E+03,2.38E+09,1.89E+03,1.89E+09,7.93E-01,1.93E+03,1.93E+09,cards,1.23E+00,6.79E-11,4.10E-10,-3.42E-10,1.60E-02
Visa,payment_processor,2.01E+03,4.00E+00,2.55E+03,2.55E+09,2.06E+03,2.06E+09,8.09E-01,1.99E+03,1.99E+09,cards,1.28E+00,6.84E-11,4.06E-10,-3.38E-10,2.81E-02
Visa,payment_processor,2.01E+03,1.00E+00,2.58E+03,2.58E+09,2.04E+03,2.04E+09,7.93E-01,2.02E+03,2.02E+09,cards,1.27E+00,6.69E-11,3.92E-10,-3.25E-10,1.68E-02
Visa,payment_processor,2.01E+03,2.00E+00,2.57E+03,2.57E+09,2.03E+03,2.03E+09,7.91E-01,2.03E+03,2.03E+09,cards,1.26E+00,6.60E-11,3.89E-10,-3.23E-10,3.90E-03
Visa,payment_processor,2.01E+03,3.00E+00,2.73E+03,2.73E+09,2.15E+03,2.15E+09,7.87E-01,2.07E+03,2.07E+09,cards,1.32E+00,6.78E-11,3.81E-10,-3.13E-10,1.65E-02
Visa,payment_processor,2.01E+03,4.00E+00,2.85E+03,2.85E+09,2.28E+03,2.28E+09,8.02E-01,2.11E+03,2.11E+09,cards,1.35E+00,6.76E-11,3.80E-10,-3.12E-10,2.13E-02
Visa,payment_processor,2.01E+03,1.00E+00,2.96E+03,2.96E+09,2.35E+03,2.35E+09,7.96E-01,2.13E+03,2.13E+09,cards,1.39E+00,6.86E-11,3.73E-10,-3.04E-10,1.08E-02
Visa,payment_processor,2.01E+03,2.00E+00,3.00E+03,3.00E+09,2.39E+03,2.39E+09,7.97E-01,2.16E+03,2.16E+09,cards,1.39E+00,6.79E-11,3.69E-10,-3.01E-10,1.16E-02
Visa,payment_processor,2.01E+03,3.00E+00,2.97E+03,2.97E+09,2.35E+03,2.35E+09,7.91E-01,2.18E+03,2.18E+09,cards,1.36E+00,6.61E-11,3.63E-10,-2.97E-10,9.20E-03
Visa,payment_processor,2.01E+03,4.00E+00,3.16E+03,3.16E+09,2.55E+03,2.55E+09,8.09E-01,2.22E+03,2.22E+09,cards,1.42E+00,6.75E-11,3.65E-10,-2.97E-10,1.80E-02
Visa,payment_processor,2.01E+03,1.00E+00,3.16E+03,3.16E+09,2.60E+03,2.60E+09,8.21E-01,2.25E+03,2.25E+09,cards,1.40E+00,6.56E-11,3.64E-10,-2.99E-10,1.51E-02
Visa,payment_processor,2.01E+03,2.00E+00,3.16E+03,3.16E+09,2.57E+03,2.57E+09,8.13E-01,2.30E+03,2.30E+09,cards,1.37E+00,6.29E-11,3.54E-10,-2.91E-10,1.96E-02
Visa,payment_processor,2.01E+03,3.00E+00,3.23E+03,3.23E+09,2.61E+03,2.61E+09,8.07E-01,2.34E+03,2.34E+09,cards,1.38E+00,6.20E-11,3.45E-10,-2.83E-10,1.84E-02
Visa,payment_processor,2.01E+03,4.00E+00,3.38E+03,3.38E+09,2.76E+03,2.76E+09,8.16E-01,2.40E+03,2.40E+09,cards,1.41E+00,6.15E-11,3.40E-10,-2.78E-10,2.54E-02
Visa,payment_processor,2.02E+03,1.00E+00,3.41E+03,3.41E+09,2.82E+03,2.82E+09,8.26E-01,2.42E+03,2.42E+09,cards,1.41E+00,6.11E-11,3.41E-10,-2.80E-10,7.40E-03
Visa,payment_processor,2.02E+03,2.00E+00,3.52E+03,3.52E+09,2.84E+03,2.84E+09,8.06E-01,2.44E+03,2.44E+09,cards,1.44E+00,6.18E-11,3.30E-10,-2.68E-10,9.00E-03
Visa,payment_processor,2.02E+03,3.00E+00,3.57E+03,3.57E+09,2.92E+03,2.92E+09,8.17E-01,2.45E+03,2.45E+09,cards,1.46E+00,6.22E-11,3.33E-10,-2.71E-10,4.10E-03
Visa,payment_processor,2.02E+03,4.00E+00,3.57E+03,3.57E+09,2.94E+03,2.94E+09,8.24E-01,2.48E+03,2.48E+09,cards,1.44E+00,6.05E-11,3.32E-10,-2.71E-10,1.25E-02
Visa,payment_processor,2.02E+03,1.00E+00,3.63E+03,3.63E+09,2.97E+03,2.97E+09,8.20E-01,2.51E+03,2.51E+09,cards,1.44E+00,6.02E-11,3.27E-10,-2.66E-10,1.08E-02
Visa,payment_processor,2.02E+03,2.00E+00,3.63E+03,3.63E+09,3.00E+03,3.00E+09,8.26E-01,2.55E+03,2.55E+09,cards,1.42E+00,5.84E-11,3.24E-10,-2.66E-10,1.53E-02
Visa,payment_processor,2.02E+03,3.00E+00,4.26E+03,4.26E+09,3.41E+03,3.41E+09,8.00E-01,3.08E+03,3.08E+09,cards,1.39E+00,4.68E-11,2.60E-10,-2.13E-10,1.71E-01
Visa,payment_processor,2.02E+03,4.00E+00,4.46E+03,4.46E+09,3.75E+03,3.75E+09,8.40E-01,3.13E+03,3.13E+09,cards,1.42E+00,4.71E-11,2.68E-10,-2.21E-10,1.79E-02
Visa,payment_processor,2.02E+03,1.00E+00,4.48E+03,4.48E+09,3.62E+03,3.62E+09,8.09E-01,3.16E+03,3.16E+09,cards,1.42E+00,4.66E-11,2.56E-10,-2.10E-10,7.60E-03
Visa,payment_processor,2.02E+03,2.00E+00,4.57E+03,4.57E+09,3.71E+03,3.71E+09,8.13E-01,3.19E+03,3.19E+09,cards,1.43E+00,4.65E-11,2.55E-10,-2.08E-10,1.00E-02
Visa,payment_processor,2.02E+03,3.00E+00,4.86E+03,4.86E+09,4.03E+03,4.03E+09,8.31E-01,3.21E+03,3.21E+09,cards,1.51E+00,4.87E-11,2.59E-10,-2.10E-10,6.50E-03
Visa,payment_processor,2.02E+03,4.00E+00,4.86E+03,4.86E+09,4.02E+03,4.02E+09,8.27E-01,3.24E+03,3.24E+09,cards,1.50E+00,4.77E-11,2.55E-10,-2.07E-10,1.05E-02
Visa,payment_processor,2.02E+03,1.00E+00,5.07E+03,5.07E+09,4.08E+03,4.08E+09,8.04E-01,3.26E+03,3.26E+09,cards,1.56E+00,4.93E-11,2.47E-10,-1.98E-10,4.30E-03
Visa,payment_processor,2.02E+03,2.00E+00,5.24E+03,5.24E+09,4.22E+03,4.22E+09,8.05E-01,3.27E+03,3.27E+09,cards,1.60E+00,5.05E-11,2.46E-10,-1.96E-10,3.40E-03
Visa,payment_processor,2.02E+03,3.00E+00,5.43E+03,5.43E+09,4.43E+03,4.43E+09,8.15E-01,3.35E+03,3.35E+09,cards,1.62E+00,4.99E-11,2.44E-10,-1.94E-10,2.33E-02
Visa,payment_processor,2.02E+03,4.00E+00,5.51E+03,5.51E+09,4.53E+03,4.53E+09,8.22E-01,3.36E+03,3.36E+09,cards,1.64E+00,5.02E-11,2.45E-10,-1.95E-10,3.30E-03
Visa,payment_processor,2.02E+03,1.00E+00,5.49E+03,5.49E+09,4.43E+03,4.43E+09,8.06E-01,3.38E+03,3.38E+09,cards,1.63E+00,4.94E-11,2.39E-10,-1.89E-10,6.50E-03
Visa,payment_processor,2.02E+03,2.00E+00,5.84E+03,5.84E+09,4.78E+03,4.78E+09,8.19E-01,3.40E+03,3.40E+09,cards,1.72E+00,5.16E-11,2.41E-10,-1.89E-10,7.30E-03
Visa,payment_processor,2.02E+03,3.00E+00,6.14E+03,6.14E+09,5.07E+03,5.07E+09,8.27E-01,3.37E+03,3.37E+09,cards,1.82E+00,5.52E-11,2.45E-10,-1.90E-10,-9.80E-03
Visa,payment_processor,2.02E+03,4.00E+00,6.05E+03,6.05E+09,4.89E+03,4.89E+09,8.08E-01,3.45E+03,3.45E+09,cards,1.75E+00,5.19E-11,2.34E-10,-1.82E-10,2.40E-02
Visa,payment_processor,2.02E+03,1.00E+00,5.85E+03,5.85E+09,4.73E+03,4.73E+09,8.08E-01,3.46E+03,3.46E+09,cards,1.69E+00,4.99E-11,2.33E-10,-1.83E-10,2.90E-03
Visa,payment_processor,2.02E+03,2.00E+00,4.84E+03,4.84E+09,3.72E+03,3.72E+09,7.70E-01,3.49E+03,3.49E+09,cards,1.38E+00,4.09E-11,2.20E-10,-1.79E-10,8.30E-03
Visa,payment_processor,2.02E+03,3.00E+00,5.10E+03,5.10E+09,3.99E+03,3.99E+09,7.82E-01,3.51E+03,3.51E+09,cards,1.46E+00,4.28E-11,2.23E-10,-1.80E-10,3.40E-03
Mastercard,payment_processor,2.01E+03,4.00E+00,1.30E+03,1.30E+09,4.68E+02,4.68E+08,3.60E-01,1.60E+03,1.60E+09,cards,8.10E-01,5.56E-11,2.25E-10,-1.69E-10,2.50E-03
Mastercard,payment_processor,2.01E+03,1.00E+00,1.31E+03,1.31E+09,7.00E+02,7.00E+08,5.35E-01,1.59E+03,1.59E+09,cards,8.20E-01,5.70E-11,3.37E-10,-2.80E-10,-8.80E-03
Mastercard,payment_processor,2.01E+03,2.00E+00,1.37E+03,1.37E+09,7.17E+02,7.17E+08,5.25E-01,1.60E+03,1.60E+09,cards,8.50E-01,5.84E-11,3.28E-10,-2.70E-10,8.10E-03
Mastercard,payment_processor,2.01E+03,3.00E+00,1.43E+03,1.43E+09,7.66E+02,7.66E+08,5.36E-01,1.61E+03,1.61E+09,cards,8.90E-01,6.03E-11,3.33E-10,-2.73E-10,5.60E-03
Mastercard,payment_processor,2.01E+03,4.00E+00,1.44E+03,1.44E+09,5.69E+02,5.69E+08,3.96E-01,1.64E+03,1.64E+09,cards,8.80E-01,5.82E-11,2.41E-10,-1.83E-10,2.01E-02
Mastercard,payment_processor,2.01E+03,1.00E+00,1.50E+03,1.50E+09,8.36E+02,8.36E+08,5.57E-01,1.66E+03,1.66E+09,cards,9.00E-01,5.93E-11,3.35E-10,-2.76E-10,1.14E-02
Mastercard,payment_processor,2.01E+03,2.00E+00,1.67E+03,1.67E+09,8.85E+02,8.85E+08,5.31E-01,1.69E+03,1.69E+09,cards,9.90E-01,6.31E-11,3.14E-10,-2.51E-10,1.83E-02
Mastercard,payment_processor,2.01E+03,3.00E+00,1.82E+03,1.82E+09,1.00E+03,1.00E+09,5.51E-01,1.72E+03,1.72E+09,cards,1.06E+00,6.65E-11,3.21E-10,-2.54E-10,1.51E-02
Mastercard,payment_processor,2.01E+03,4.00E+00,1.73E+03,1.73E+09,7.60E+02,7.60E+08,4.40E-01,1.76E+03,1.76E+09,cards,9.80E-01,6.04E-11,2.50E-10,-1.90E-10,2.39E-02
Mastercard,payment_processor,2.01E+03,1.00E+00,1.76E+03,1.76E+09,1.00E+03,1.00E+09,5.69E-01,1.78E+03,1.78E+09,cards,9.90E-01,6.04E-11,3.20E-10,-2.60E-10,8.50E-03
Mastercard,payment_processor,2.01E+03,2.00E+00,1.82E+03,1.82E+09,9.74E+02,9.74E+08,5.35E-01,1.84E+03,1.84E+09,cards,9.90E-01,5.83E-11,2.91E-10,-2.33E-10,3.32E-02
Mastercard,payment_processor,2.01E+03,3.00E+00,1.92E+03,1.92E+09,1.06E+03,1.06E+09,5.55E-01,1.86E+03,1.86E+09,cards,1.03E+00,5.98E-11,2.98E-10,-2.39E-10,1.24E-02
Mastercard,payment_processor,2.01E+03,4.00E+00,1.90E+03,1.90E+09,8.99E+02,8.99E+08,4.74E-01,1.90E+03,1.90E+09,cards,1.00E+00,5.66E-11,2.50E-10,-1.93E-10,2.16E-02
Mastercard,payment_processor,2.01E+03,1.00E+00,1.91E+03,1.91E+09,1.11E+03,1.11E+09,5.81E-01,1.92E+03,1.92E+09,cards,1.00E+00,5.60E-11,3.03E-10,-2.47E-10,7.80E-03
Mastercard,payment_processor,2.01E+03,2.00E+00,2.10E+03,2.10E+09,1.23E+03,1.23E+09,5.86E-01,1.89E+03,1.89E+09,cards,1.11E+00,6.32E-11,3.11E-10,-2.47E-10,-1.54E-02
Mastercard,payment_processor,2.01E+03,3.00E+00,2.22E+03,2.22E+09,1.25E+03,1.25E+09,5.63E-01,1.92E+03,1.92E+09,cards,1.15E+00,6.42E-11,2.93E-10,-2.28E-10,1.92E-02
Mastercard,payment_processor,2.01E+03,4.00E+00,2.09E+03,2.09E+09,9.20E+02,9.20E+08,4.40E-01,1.97E+03,1.97E+09,cards,1.06E+00,5.78E-11,2.23E-10,-1.65E-10,2.39E-02
Mastercard,payment_processor,2.01E+03,1.00E+00,2.17E+03,2.17E+09,1.29E+03,1.29E+09,5.92E-01,2.01E+03,2.01E+09,cards,1.08E+00,5.75E-11,2.94E-10,-2.37E-10,2.09E-02
Mastercard,payment_processor,2.01E+03,2.00E+00,2.37E+03,2.37E+09,1.38E+03,1.38E+09,5.84E-01,2.04E+03,2.04E+09,cards,1.16E+00,6.08E-11,2.86E-10,-2.26E-10,1.32E-02
Mastercard,payment_processor,2.01E+03,3.00E+00,2.49E+03,2.49E+09,1.42E+03,1.42E+09,5.70E-01,2.08E+03,2.08E+09,cards,1.20E+00,6.14E-11,2.74E-10,-2.13E-10,1.88E-02
Mastercard,payment_processor,2.01E+03,4.00E+00,2.41E+03,2.41E+09,1.02E+03,1.02E+09,4.22E-01,2.14E+03,2.14E+09,cards,1.13E+00,5.61E-11,1.97E-10,-1.41E-10,2.90E-02
Mastercard,payment_processor,2.02E+03,1.00E+00,2.23E+03,2.23E+09,1.35E+03,1.35E+09,6.06E-01,2.12E+03,2.12E+09,cards,1.05E+00,5.29E-11,2.85E-10,-2.32E-10,-8.00E-03
Mastercard,payment_processor,2.02E+03,2.00E+00,2.39E+03,2.39E+09,1.25E+03,1.25E+09,5.23E-01,2.14E+03,2.14E+09,cards,1.12E+00,5.56E-11,2.45E-10,-1.89E-10,7.90E-03
Mastercard,payment_processor,2.02E+03,3.00E+00,2.53E+03,2.53E+09,1.37E+03,1.37E+09,5.41E-01,2.18E+03,2.18E+09,cards,1.16E+00,5.67E-11,2.48E-10,-1.92E-10,1.79E-02
Mastercard,payment_processor,2.02E+03,4.00E+00,2.52E+03,2.52E+09,1.11E+03,1.11E+09,4.40E-01,2.21E+03,2.21E+09,cards,1.14E+00,5.49E-11,1.99E-10,-1.44E-10,1.31E-02
Mastercard,payment_processor,2.02E+03,1.00E+00,2.45E+03,2.45E+09,1.35E+03,1.35E+09,5.51E-01,2.28E+03,2.28E+09,cards,1.07E+00,5.02E-11,2.42E-10,-1.92E-10,3.07E-02
Mastercard,payment_processor,2.02E+03,2.00E+00,2.69E+03,2.69E+09,1.50E+03,1.50E+09,5.57E-01,2.28E+03,2.28E+09,cards,1.18E+00,5.48E-11,2.44E-10,-1.89E-10,2.20E-03
Mastercard,payment_processor,2.02E+03,3.00E+00,2.88E+03,2.88E+09,1.67E+03,1.67E+09,5.80E-01,2.30E+03,2.30E+09,cards,1.25E+00,5.75E-11,2.52E-10,-1.95E-10,7.80E-03
Mastercard,payment_processor,2.02E+03,4.00E+00,2.76E+03,2.76E+09,1.36E+03,1.36E+09,4.95E-01,2.34E+03,2.34E+09,cards,1.18E+00,5.34E-11,2.12E-10,-1.58E-10,1.58E-02
Mastercard,payment_processor,2.02E+03,1.00E+00,2.73E+03,2.73E+09,1.51E+03,1.51E+09,5.51E-01,2.31E+03,2.31E+09,cards,1.18E+00,5.42E-11,2.38E-10,-1.84E-10,-1.08E-02
Mastercard,payment_processor,2.02E+03,2.00E+00,3.05E+03,3.05E+09,1.70E+03,1.70E+09,5.57E-01,2.33E+03,2.33E+09,cards,1.31E+00,5.93E-11,2.39E-10,-1.80E-10,6.90E-03
Mastercard,payment_processor,2.02E+03,3.00E+00,3.40E+03,3.40E+09,1.50E+03,1.50E+09,4.41E-01,2.37E+03,2.37E+09,cards,1.43E+00,6.34E-11,1.86E-10,-1.23E-10,1.77E-02
Mastercard,payment_processor,2.02E+03,4.00E+00,3.31E+03,3.31E+09,1.52E+03,1.52E+09,4.60E-01,2.41E+03,2.41E+09,cards,1.38E+00,6.00E-11,1.91E-10,-1.31E-10,1.50E-02
Mastercard,payment_processor,2.02E+03,1.00E+00,3.58E+03,3.58E+09,1.83E+03,1.83E+09,5.10E-01,2.39E+03,2.39E+09,cards,1.50E+00,6.55E-11,2.13E-10,-1.48E-10,-6.30E-03
Mastercard,payment_processor,2.02E+03,2.00E+00,3.67E+03,3.67E+09,1.94E+03,1.94E+09,5.28E-01,2.44E+03,2.44E+09,cards,1.50E+00,6.43E-11,2.16E-10,-1.52E-10,2.01E-02
Mastercard,payment_processor,2.02E+03,3.00E+00,3.90E+03,3.90E+09,2.30E+03,2.30E+09,5.90E-01,2.41E+03,2.41E+09,cards,1.62E+00,7.02E-11,2.45E-10,-1.75E-10,-1.41E-02
Mastercard,payment_processor,2.02E+03,4.00E+00,3.81E+03,3.81E+09,1.23E+03,1.23E+09,3.24E-01,2.52E+03,2.52E+09,cards,1.51E+00,6.27E-11,1.29E-10,-6.61E-11,4.41E-02
Mastercard,payment_processor,2.02E+03,1.00E+00,3.89E+03,3.89E+09,2.21E+03,2.21E+09,5.69E-01,2.50E+03,2.50E+09,cards,1.55E+00,6.47E-11,2.27E-10,-1.63E-10,-6.00E-03
Mastercard,payment_processor,2.02E+03,2.00E+00,4.11E+03,4.11E+09,2.40E+03,2.40E+09,5.83E-01,2.53E+03,2.53E+09,cards,1.62E+00,6.67E-11,2.30E-10,-1.63E-10,1.15E-02
Mastercard,payment_processor,2.02E+03,3.00E+00,4.47E+03,4.47E+09,3.53E+03,3.53E+09,7.90E-01,2.57E+03,2.57E+09,cards,1.74E+00,6.99E-11,3.07E-10,-2.37E-10,1.63E-02
Mastercard,payment_processor,2.02E+03,4.00E+00,4.41E+03,4.41E+09,2.40E+03,2.40E+09,5.44E-01,2.60E+03,2.60E+09,cards,1.70E+00,6.77E-11,2.09E-10,-1.41E-10,1.00E-02
Mastercard,payment_processor,2.02E+03,1.00E+00,4.01E+03,4.01E+09,2.21E+03,2.21E+09,5.52E-01,2.63E+03,2.63E+09,cards,1.52E+00,6.03E-11,2.10E-10,-1.49E-10,1.22E-02
Mastercard,payment_processor,2.02E+03,2.00E+00,3.34E+03,3.34E+09,1.71E+03,1.71E+09,5.12E-01,2.65E+03,2.65E+09,cards,1.26E+00,5.00E-11,1.93E-10,-1.43E-10,5.30E-03
Mastercard,payment_processor,2.02E+03,3.00E+00,3.84E+03,3.84E+09,2.90E+03,2.90E+09,7.55E-01,2.69E+03,2.69E+09,cards,1.43E+00,5.52E-11,2.80E-10,-2.25E-10,1.71E-02
Mastercard,payment_processor,2.02E+03,4.00E+00,4.12E+03,4.12E+09,2.06E+03,2.06E+09,5.00E-01,2.75E+03,2.75E+09,cards,1.50E+00,5.67E-11,1.82E-10,-1.25E-10,2.11E-02
Facebook,social_network,2.01E+03,1.00E+00,3.45E+02,3.45E+08,2.45E+02,2.45E+08,7.10E-01,4.31E+02,4.31E+08,mau,8.00E-01,2.72E-10,1.65E-09,-1.43E-09,1.65E-01
Facebook,social_network,2.01E+03,2.00E+00,4.31E+02,4.31E+08,3.20E+02,3.20E+08,7.43E-01,4.82E+02,4.82E+08,mau,8.90E-01,2.40E-10,1.54E-09,-1.33E-09,1.06E-01
Facebook,social_network,2.01E+03,3.00E+00,4.67E+02,4.67E+08,3.36E+02,3.36E+08,7.20E-01,5.50E+02,5.50E+08,mau,8.50E-01,2.10E-10,1.31E-09,-1.13E-09,1.24E-01
Facebook,social_network,2.01E+03,4.00E+00,7.31E+02,7.31E+08,5.81E+02,5.81E+08,7.95E-01,6.08E+02,6.08E+08,mau,1.20E+00,1.86E-10,1.31E-09,-1.08E-09,9.54E-02
Facebook,social_network,2.01E+03,1.00E+00,7.31E+02,7.31E+08,5.64E+02,5.64E+08,7.72E-01,6.80E+02,6.80E+08,mau,1.08E+00,1.66E-10,1.13E-09,-9.56E-10,1.06E-01
Facebook,social_network,2.01E+03,2.00E+00,8.95E+02,8.95E+08,6.85E+02,6.85E+08,7.65E-01,7.39E+02,7.39E+08,mau,1.21E+00,1.51E-10,1.04E-09,-8.53E-10,7.98E-02
Facebook,social_network,2.01E+03,3.00E+00,9.54E+02,9.54E+08,7.18E+02,7.18E+08,7.53E-01,8.00E+02,8.00E+08,mau,1.19E+00,1.39E-10,9.41E-10,-7.75E-10,7.63E-02
Facebook,social_network,2.01E+03,4.00E+00,1.13E+03,1.13E+09,8.84E+02,8.84E+08,7.82E-01,8.45E+02,8.45E+08,mau,1.34E+00,1.31E-10,9.25E-10,-7.50E-10,5.33E-02
Facebook,social_network,2.01E+03,1.00E+00,1.06E+03,1.06E+09,7.81E+02,7.81E+08,7.38E-01,9.01E+02,9.01E+08,mau,1.17E+00,1.23E-10,8.19E-10,-6.75E-10,6.22E-02
Facebook,social_network,2.01E+03,2.00E+00,1.18E+03,1.18E+09,8.17E+02,8.17E+08,6.90E-01,9.55E+02,9.55E+08,mau,1.24E+00,1.15E-10,7.23E-10,-5.79E-10,5.65E-02
Facebook,social_network,2.01E+03,3.00E+00,1.26E+03,1.26E+09,9.40E+02,9.40E+08,7.45E-01,1.01E+03,1.01E+09,mau,1.25E+00,1.09E-10,7.40E-10,-6.03E-10,5.16E-02
Facebook,social_network,2.01E+03,4.00E+00,1.59E+03,1.59E+09,1.19E+03,1.19E+09,7.49E-01,1.06E+03,1.06E+09,mau,1.50E+00,1.03E-10,7.09E-10,-5.55E-10,4.64E-02
Facebook,social_network,2.01E+03,1.00E+00,1.46E+03,1.46E+09,1.05E+03,1.05E+09,7.17E-01,1.11E+03,1.11E+09,mau,1.31E+00,9.83E-11,6.46E-10,-5.17E-10,4.86E-02
Facebook,social_network,2.01E+03,2.00E+00,1.81E+03,1.81E+09,1.35E+03,1.35E+09,7.44E-01,1.16E+03,1.16E+09,mau,1.57E+00,9.35E-11,6.44E-10,-4.97E-10,3.90E-02
Facebook,social_network,2.01E+03,3.00E+00,2.02E+03,2.02E+09,1.51E+03,1.51E+09,7.49E-01,1.19E+03,1.19E+09,mau,1.70E+00,9.04E-11,6.30E-10,-4.76E-10,2.86E-02
Facebook,social_network,2.01E+03,4.00E+00,2.59E+03,2.59E+09,2.10E+03,2.10E+09,8.10E-01,1.23E+03,1.23E+09,mau,2.11E+00,8.65E-11,6.60E-10,-4.78E-10,3.18E-02
Facebook,social_network,2.01E+03,1.00E+00,2.50E+03,2.50E+09,2.04E+03,2.04E+09,8.15E-01,1.28E+03,1.28E+09,mau,1.96E+00,8.34E-11,6.39E-10,-4.75E-10,3.76E-02
Facebook,social_network,2.01E+03,2.00E+00,2.91E+03,2.91E+09,2.44E+03,2.44E+09,8.38E-01,1.32E+03,1.32E+09,mau,2.21E+00,8.02E-11,6.36E-10,-4.59E-10,3.11E-02
Facebook,social_network,2.01E+03,3.00E+00,3.20E+03,3.20E+09,2.64E+03,2.64E+09,8.24E-01,1.35E+03,1.35E+09,mau,2.37E+00,7.79E-11,6.10E-10,-4.25E-10,2.44E-02
Facebook,social_network,2.01E+03,4.00E+00,3.85E+03,3.85E+09,3.20E+03,3.20E+09,8.30E-01,1.39E+03,1.39E+09,mau,2.76E+00,7.49E-11,5.96E-10,-3.89E-10,3.09E-02
Facebook,social_network,2.02E+03,1.00E+00,3.54E+03,3.54E+09,2.89E+03,2.89E+09,8.15E-01,1.44E+03,1.44E+09,mau,2.46E+00,7.27E-11,5.66E-10,-3.87E-10,3.33E-02
Facebook,social_network,2.02E+03,2.00E+00,4.04E+03,4.04E+09,3.37E+03,3.37E+09,8.35E-01,1.49E+03,1.49E+09,mau,2.71E+00,6.99E-11,5.60E-10,-3.71E-10,3.29E-02
Facebook,social_network,2.02E+03,3.00E+00,4.50E+03,4.50E+09,3.78E+03,3.78E+09,8.40E-01,1.55E+03,1.55E+09,mau,2.91E+00,6.70E-11,5.44E-10,-3.48E-10,3.56E-02
Facebook,social_network,2.02E+03,4.00E+00,5.84E+03,5.84E+09,5.02E+03,5.02E+09,8.59E-01,1.59E+03,1.59E+09,mau,3.67E+00,6.44E-11,5.40E-10,-3.03E-10,2.89E-02
Facebook,social_network,2.02E+03,1.00E+00,5.38E+03,5.38E+09,4.54E+03,4.54E+09,8.44E-01,1.65E+03,1.65E+09,mau,3.25E+00,6.21E-11,5.10E-10,-3.08E-10,3.81E-02
Facebook,social_network,2.02E+03,2.00E+00,6.43E+03,6.43E+09,5.52E+03,5.52E+09,8.59E-01,1.71E+03,1.71E+09,mau,3.75E+00,5.96E-11,5.02E-10,-2.78E-10,3.39E-02
Facebook,social_network,2.02E+03,3.00E+00,7.01E+03,7.01E+09,6.02E+03,6.02E+09,8.59E-01,1.79E+03,1.79E+09,mau,3.92E+00,5.68E-11,4.81E-10,-2.58E-10,4.25E-02
Facebook,social_network,2.02E+03,4.00E+00,8.81E+03,8.81E+09,7.76E+03,7.76E+09,8.81E-01,1.86E+03,1.86E+09,mau,4.74E+00,5.41E-11,4.74E-10,-2.18E-10,3.87E-02
Facebook,social_network,2.02E+03,1.00E+00,8.03E+03,8.03E+09,6.87E+03,6.87E+09,8.56E-01,1.94E+03,1.94E+09,mau,4.15E+00,5.21E-11,4.42E-10,-2.26E-10,3.93E-02
Facebook,social_network,2.02E+03,2.00E+00,9.32E+03,9.32E+09,8.08E+03,8.08E+09,8.67E-01,2.01E+03,2.01E+09,mau,4.65E+00,5.00E-11,4.32E-10,-2.00E-10,3.49E-02
Facebook,social_network,2.02E+03,3.00E+00,1.03E+04,1.03E+10,8.88E+03,8.88E+09,8.60E-01,2.07E+03,2.07E+09,mau,4.98E+00,4.82E-11,4.15E-10,-1.75E-10,3.19E-02
Facebook,social_network,2.02E+03,4.00E+00,1.30E+04,1.30E+10,1.14E+04,1.14E+10,8.76E-01,2.13E+03,2.13E+09,mau,6.09E+00,4.64E-11,4.11E-10,-1.28E-10,2.68E-02
Facebook,social_network,2.02E+03,1.00E+00,1.20E+04,1.20E+10,1.00E+04,1.00E+10,8.39E-01,2.20E+03,2.20E+09,mau,5.45E+00,4.52E-11,3.82E-10,-1.36E-10,3.05E-02
Facebook,social_network,2.02E+03,2.00E+00,1.32E+04,1.32E+10,1.10E+04,1.10E+10,8.33E-01,2.23E+03,2.23E+09,mau,5.92E+00,4.42E-11,3.73E-10,-1.11E-10,1.70E-02
Facebook,social_network,2.02E+03,3.00E+00,1.37E+04,1.37E+10,1.13E+04,1.13E+10,8.24E-01,2.27E+03,2.27E+09,mau,6.04E+00,4.34E-11,3.63E-10,-1.00E-10,1.63E-02
Facebook,social_network,2.02E+03,4.00E+00,1.69E+04,1.69E+10,1.41E+04,1.41E+10,8.35E-01,2.32E+03,2.32E+09,mau,7.29E+00,4.21E-11,3.60E-10,-5.25E-11,2.11E-02
Facebook,social_network,2.02E+03,1.00E+00,1.51E+04,1.51E+10,1.23E+04,1.23E+10,8.13E-01,2.38E+03,2.38E+09,mau,6.35E+00,4.14E-11,3.42E-10,-7.98E-11,2.32E-02
Facebook,social_network,2.02E+03,2.00E+00,1.69E+04,1.69E+10,1.36E+04,1.36E+10,8.04E-01,2.41E+03,2.41E+09,mau,7.00E+00,4.05E-11,3.33E-10,-4.98E-11,1.62E-02
Facebook,social_network,2.02E+03,3.00E+00,1.77E+04,1.77E+10,1.45E+04,1.45E+10,8.21E-01,2.45E+03,2.45E+09,mau,7.21E+00,3.98E-11,3.35E-10,-4.81E-11,1.43E-02
Facebook,social_network,2.02E+03,4.00E+00,2.11E+04,2.11E+10,1.76E+04,1.76E+10,8.34E-01,2.50E+03,2.50E+09,mau,8.44E+00,3.88E-11,3.34E-10,-6.76E-12,1.96E-02
Facebook,social_network,2.02E+03,1.00E+00,1.77E+04,1.77E+10,1.43E+04,1.43E+10,8.05E-01,2.60E+03,2.60E+09,mau,6.81E+00,3.75E-11,3.09E-10,-5.38E-11,4.03E-02
Facebook,social_network,2.02E+03,2.00E+00,1.87E+04,1.87E+10,1.49E+04,1.49E+10,7.95E-01,2.70E+03,2.70E+09,mau,6.92E+00,3.60E-11,2.94E-10,-4.50E-11,3.63E-02
Facebook,social_network,2.02E+03,3.00E+00,2.15E+04,2.15E+10,1.73E+04,1.73E+10,8.05E-01,2.74E+03,2.74E+09,mau,7.84E+00,3.53E-11,2.94E-10,-1.69E-11,1.42E-02
Etsy,marketplace,2.01E+03,1.00E+00,4.10E+01,4.10E+07,2.50E+01,2.50E+07,6.10E-01,1.53E+01,1.53E+07,buyers,2.69E+00,2.31E-08,4.00E-08,-1.68E-08,8.06E-02
Etsy,marketplace,2.01E+03,2.00E+00,4.30E+01,4.30E+07,2.50E+01,2.50E+07,5.81E-01,1.65E+01,1.65E+07,buyers,2.61E+00,2.07E-08,3.53E-08,-1.45E-08,7.46E-02
Etsy,marketplace,2.01E+03,3.00E+00,4.80E+01,4.80E+07,3.00E+01,3.00E+07,6.25E-01,1.81E+01,1.81E+07,buyers,2.65E+00,1.91E-08,3.45E-08,-1.55E-08,8.90E-02
Etsy,marketplace,2.01E+03,4.00E+00,6.50E+01,6.50E+07,4.20E+01,4.20E+07,6.46E-01,1.98E+01,1.98E+07,buyers,3.28E+00,2.12E-08,3.26E-08,-1.14E-08,8.63E-02
Etsy,marketplace,2.02E+03,1.00E+00,5.90E+01,5.90E+07,3.80E+01,3.80E+07,6.44E-01,2.08E+01,2.08E+07,buyers,2.83E+00,1.75E-08,3.09E-08,-1.34E-08,4.94E-02
Etsy,marketplace,2.02E+03,2.00E+00,6.10E+01,6.10E+07,3.90E+01,3.90E+07,6.39E-01,2.17E+01,2.17E+07,buyers,2.81E+00,1.66E-08,2.95E-08,-1.28E-08,3.96E-02
Etsy,marketplace,2.02E+03,3.00E+00,6.60E+01,6.60E+07,4.20E+01,4.20E+07,6.36E-01,2.26E+01,2.26E+07,buyers,2.92E+00,1.65E-08,2.82E-08,-1.16E-08,3.98E-02
Etsy,marketplace,2.02E+03,4.00E+00,8.80E+01,8.80E+07,5.80E+01,5.80E+07,6.59E-01,2.41E+01,2.41E+07,buyers,3.66E+00,1.92E-08,2.74E-08,-8.25E-09,6.03E-02
Etsy,marketplace,2.02E+03,1.00E+00,8.20E+01,8.20E+07,5.40E+01,5.40E+07,6.59E-01,2.50E+01,2.50E+07,buyers,3.28E+00,1.65E-08,2.63E-08,-9.77E-09,3.92E-02
Etsy,marketplace,2.02E+03,2.00E+00,8.50E+01,8.50E+07,5.60E+01,5.60E+07,6.59E-01,2.61E+01,2.61E+07,buyers,3.26E+00,1.57E-08,2.52E-08,-9.51E-09,4.10E-02
Etsy,marketplace,2.02E+03,3.00E+00,8.80E+01,8.80E+07,5.80E+01,5.80E+07,6.59E-01,2.71E+01,2.71E+07,buyers,3.24E+00,1.50E-08,2.43E-08,-9.25E-09,3.83E-02
Etsy,marketplace,2.02E+03,4.00E+00,1.10E+02,1.10E+08,7.30E+01,7.30E+07,6.64E-01,2.86E+01,2.86E+07,buyers,3.85E+00,1.68E-08,2.32E-08,-6.47E-09,5.01E-02
Etsy,marketplace,2.02E+03,1.00E+00,9.70E+01,9.70E+07,6.20E+01,6.20E+07,6.39E-01,2.97E+01,2.97E+07,buyers,3.27E+00,1.38E-08,2.15E-08,-7.75E-09,3.71E-02
Etsy,marketplace,2.02E+03,2.00E+00,1.02E+02,1.02E+08,6.60E+01,6.60E+07,6.47E-01,3.06E+01,3.06E+07,buyers,3.34E+00,1.36E-08,2.12E-08,-7.54E-09,2.98E-02
Etsy,marketplace,2.02E+03,3.00E+00,1.06E+02,1.06E+08,7.00E+01,7.00E+07,6.60E-01,3.17E+01,3.17E+07,buyers,3.35E+00,1.32E-08,2.08E-08,-7.68E-09,3.47E-02
Etsy,marketplace,2.02E+03,4.00E+00,1.36E+02,1.36E+08,9.20E+01,9.20E+07,6.77E-01,3.34E+01,3.34E+07,buyers,4.08E+00,1.50E-08,2.03E-08,-5.25E-09,5.04E-02
Etsy,marketplace,2.02E+03,1.00E+00,1.21E+02,1.21E+08,8.00E+01,8.00E+07,6.61E-01,3.47E+01,3.47E+07,buyers,3.49E+00,1.24E-08,1.91E-08,-6.62E-09,3.83E-02
Etsy,marketplace,2.02E+03,2.00E+00,1.32E+02,1.32E+08,8.70E+01,8.70E+07,6.59E-01,3.58E+01,3.58E+07,buyers,3.68E+00,1.27E-08,1.84E-08,-5.73E-09,3.18E-02
Etsy,marketplace,2.02E+03,3.00E+00,1.50E+02,1.50E+08,1.03E+02,1.03E+08,6.87E-01,3.71E+01,3.71E+07,buyers,4.04E+00,1.33E-08,1.85E-08,-5.19E-09,3.50E-02
Etsy,marketplace,2.02E+03,4.00E+00,2.00E+02,2.00E+08,1.43E+02,1.43E+08,7.15E-01,3.95E+01,3.95E+07,buyers,5.07E+00,1.55E-08,1.81E-08,-2.64E-09,5.88E-02
Etsy,marketplace,2.02E+03,1.00E+00,1.69E+02,1.69E+08,1.17E+02,1.17E+08,6.92E-01,4.10E+01,4.10E+07,buyers,4.12E+00,1.22E-08,1.69E-08,-4.67E-09,3.85E-02
Etsy,marketplace,2.02E+03,2.00E+00,1.81E+02,1.81E+08,1.22E+02,1.22E+08,6.74E-01,4.27E+01,4.27E+07,buyers,4.23E+00,1.20E-08,1.58E-08,-3.77E-09,4.00E-02
Etsy,marketplace,2.02E+03,3.00E+00,1.98E+02,1.98E+08,1.29E+02,1.29E+08,6.52E-01,4.42E+01,4.42E+07,buyers,4.48E+00,1.22E-08,1.47E-08,-2.53E-09,3.33E-02
Etsy,marketplace,2.02E+03,4.00E+00,2.70E+02,2.70E+08,1.79E+02,1.79E+08,6.63E-01,4.57E+01,4.57E+07,buyers,5.91E+00,1.53E-08,1.45E-08,8.26E-10,3.26E-02
Etsy,marketplace,2.02E+03,1.00E+00,2.28E+02,2.28E+08,1.46E+02,1.46E+08,6.40E-01,4.71E+01,4.71E+07,buyers,4.84E+00,1.23E-08,1.36E-08,-1.30E-09,3.01E-02
Etsy,marketplace,2.02E+03,2.00E+00,4.29E+02,4.29E+08,3.17E+02,3.17E+08,7.39E-01,6.03E+01,6.03E+07,buyers,7.12E+00,1.37E-08,1.23E-08,1.42E-09,2.18E-01
Etsy,marketplace,2.02E+03,3.00E+00,4.51E+02,4.51E+08,3.31E+02,3.31E+08,7.34E-01,6.97E+01,6.97E+07,buyers,6.48E+00,1.07E-08,1.05E-08,2.05E-10,1.35E-01
Wix,saas,2.01E+03,4.00E+00,4.20E+01,4.20E+07,3.40E+01,3.40E+07,8.10E-01,5.80E+01,5.80E+07,customers,7.20E-01,1.64E-09,1.40E-08,-1.23E-08,6.90E-02
Wix,saas,2.02E+03,1.00E+00,4.50E+01,4.50E+07,3.70E+01,3.70E+07,8.22E-01,6.30E+01,6.30E+07,customers,7.10E-01,1.48E-09,1.31E-08,-1.16E-08,7.94E-02
Wix,saas,2.02E+03,2.00E+00,4.90E+01,4.90E+07,4.00E+01,4.00E+07,8.16E-01,6.80E+01,6.80E+07,customers,7.20E-01,1.38E-09,1.20E-08,-1.06E-08,7.35E-02
Wix,saas,2.02E+03,3.00E+00,5.40E+01,5.40E+07,4.40E+01,4.40E+07,8.15E-01,7.20E+01,7.20E+07,customers,7.50E-01,1.35E-09,1.13E-08,-9.97E-09,5.56E-02
Wix,saas,2.02E+03,4.00E+00,5.70E+01,5.70E+07,4.70E+01,4.70E+07,8.25E-01,7.70E+01,7.70E+07,customers,7.40E-01,1.24E-09,1.07E-08,-9.47E-09,6.46E-02
Wix,saas,2.02E+03,1.00E+00,6.20E+01,6.20E+07,5.10E+01,5.10E+07,8.23E-01,8.20E+01,8.20E+07,customers,7.60E-01,1.18E-09,1.00E-08,-8.85E-09,6.13E-02
Wix,saas,2.02E+03,2.00E+00,6.90E+01,6.90E+07,5.80E+01,5.80E+07,8.41E-01,8.70E+01,8.70E+07,customers,7.90E-01,1.16E-09,9.66E-09,-8.50E-09,5.75E-02
Wix,saas,2.02E+03,3.00E+00,7.60E+01,7.60E+07,6.50E+01,6.50E+07,8.55E-01,9.20E+01,9.20E+07,customers,8.30E-01,1.14E-09,9.30E-09,-8.16E-09,5.43E-02
Wix,saas,2.02E+03,4.00E+00,8.40E+01,8.40E+07,7.10E+01,7.10E+07,8.45E-01,9.74E+01,9.74E+07,customers,8.60E-01,1.12E-09,8.68E-09,-7.56E-09,5.51E-02
Wix,saas,2.02E+03,1.00E+00,9.30E+01,9.30E+07,7.80E+01,7.80E+07,8.39E-01,1.03E+02,1.03E+08,customers,9.00E-01,1.10E-09,8.14E-09,-7.04E-09,5.48E-02
Wix,saas,2.02E+03,2.00E+00,1.04E+02,1.04E+08,8.50E+01,8.50E+07,8.17E-01,1.09E+02,1.09E+08,customers,9.50E-01,1.09E-09,7.50E-09,-6.41E-09,5.50E-02
Wix,saas,2.02E+03,3.00E+00,1.11E+02,1.11E+08,9.20E+01,9.20E+07,8.29E-01,1.14E+02,1.14E+08,customers,9.70E-01,1.06E-09,7.27E-09,-6.21E-09,4.39E-02
Wix,saas,2.02E+03,4.00E+00,1.19E+02,1.19E+08,1.01E+02,1.01E+08,8.49E-01,1.19E+02,1.19E+08,customers,1.00E+00,1.04E-09,7.12E-09,-6.08E-09,4.41E-02
Wix,saas,2.02E+03,1.00E+00,1.38E+02,1.38E+08,1.09E+02,1.09E+08,7.90E-01,1.25E+02,1.25E+08,customers,1.10E+00,1.09E-09,6.32E-09,-5.23E-09,4.59E-02
Wix,saas,2.02E+03,2.00E+00,1.46E+02,1.46E+08,1.16E+02,1.16E+08,7.95E-01,1.31E+02,1.31E+08,customers,1.11E+00,1.04E-09,6.07E-09,-5.02E-09,4.58E-02
Wix,saas,2.02E+03,3.00E+00,1.56E+02,1.56E+08,1.23E+02,1.23E+08,7.89E-01,1.37E+02,1.37E+08,customers,1.14E+00,1.01E-09,5.76E-09,-4.74E-09,4.38E-02
Wix,saas,2.02E+03,4.00E+00,1.64E+02,1.64E+08,1.30E+02,1.30E+08,7.93E-01,1.42E+02,1.42E+08,customers,1.15E+00,9.84E-10,5.57E-09,-4.58E-09,3.82E-02
Wix,saas,2.02E+03,1.00E+00,1.74E+02,1.74E+08,1.35E+02,1.35E+08,7.76E-01,1.42E+02,1.42E+08,customers,1.23E+00,1.05E-09,5.46E-09,-4.42E-09,-3.10E-03
Wix,saas,2.02E+03,2.00E+00,1.85E+02,1.85E+08,1.39E+02,1.39E+08,7.51E-01,1.48E+02,1.48E+08,customers,1.25E+00,1.02E-09,5.08E-09,-4.06E-09,4.05E-02
Wix,saas,2.02E+03,3.00E+00,1.97E+02,1.97E+08,1.43E+02,1.43E+08,7.26E-01,1.54E+02,1.54E+08,customers,1.28E+00,1.00E-09,4.71E-09,-3.71E-09,3.90E-02
Wix,saas,2.02E+03,4.00E+00,2.05E+02,2.05E+08,1.47E+02,1.47E+08,7.17E-01,1.65E+02,1.65E+08,customers,1.24E+00,9.02E-10,4.34E-09,-3.43E-09,6.86E-02
Wix,saas,2.02E+03,1.00E+00,2.16E+02,2.16E+08,1.54E+02,1.54E+08,7.13E-01,1.72E+02,1.72E+08,customers,1.26E+00,8.76E-10,4.15E-09,-3.27E-09,3.87E-02
Wix,saas,2.02E+03,2.00E+00,2.36E+02,2.36E+08,1.66E+02,1.66E+08,7.03E-01,1.82E+02,1.82E+08,customers,1.30E+00,8.51E-10,3.86E-09,-3.01E-09,5.49E-02
Wix,saas,2.02E+03,3.00E+00,2.54E+02,2.54E+08,1.74E+02,1.74E+08,6.85E-01,1.89E+02,1.89E+08,customers,1.34E+00,8.46E-10,3.62E-09,-2.78E-09,3.70E-02
Uber,marketplace,2.02E+03,1.00E+00,1.53E+03,1.53E+09,7.09E+02,7.09E+08,4.64E-01,4.90E+01,4.90E+07,active riders,3.10E+01,2.22E-09,9.46E-09,-4.25E-04,8.16E-02
Uber,marketplace,2.02E+03,2.00E+00,1.81E+03,1.81E+09,8.61E+02,8.61E+08,4.75E-01,5.70E+01,5.70E+07,active riders,3.20E+01,1.89E-09,8.33E-09,-3.13E-04,1.40E-01
Uber,marketplace,2.02E+03,3.00E+00,2.15E+03,2.15E+09,9.65E+02,9.65E+08,4.49E-01,6.20E+01,6.20E+07,active riders,3.50E+01,1.73E-09,7.24E-09,-2.64E-04,8.06E-02
Uber,marketplace,2.02E+03,4.00E+00,2.44E+03,2.44E+09,1.24E+03,1.24E+09,5.07E-01,6.80E+01,6.80E+07,active riders,3.60E+01,1.57E-09,7.45E-09,-2.19E-04,8.82E-02
Uber,marketplace,2.02E+03,1.00E+00,2.58E+03,2.58E+09,1.43E+03,1.43E+09,5.53E-01,7.00E+01,7.00E+07,active riders,3.70E+01,1.52E-09,7.89E-09,-2.07E-04,2.86E-02
Uber,marketplace,2.02E+03,2.00E+00,2.77E+03,2.77E+09,1.43E+03,1.43E+09,5.15E-01,7.60E+01,7.60E+07,active riders,3.60E+01,1.39E-09,6.78E-09,-1.75E-04,7.89E-02
Uber,marketplace,2.02E+03,3.00E+00,2.94E+03,2.94E+09,1.43E+03,1.43E+09,4.87E-01,8.20E+01,8.20E+07,active riders,3.60E+01,1.29E-09,5.94E-09,-1.51E-04,7.32E-02
Uber,marketplace,2.02E+03,4.00E+00,2.97E+03,2.97E+09,1.36E+03,1.36E+09,4.57E-01,9.10E+01,9.10E+07,active riders,3.30E+01,1.16E-09,5.02E-09,-1.22E-04,9.89E-02
Uber,marketplace,2.02E+03,1.00E+00,3.10E+03,3.10E+09,1.42E+03,1.42E+09,4.58E-01,9.30E+01,9.30E+07,active riders,3.30E+01,1.13E-09,4.92E-09,-1.17E-04,2.15E-02
Uber,marketplace,2.02E+03,2.00E+00,3.17E+03,3.17E+09,1.43E+03,1.43E+09,4.50E-01,9.90E+01,9.90E+07,active riders,3.20E+01,1.06E-09,4.55E-09,-1.03E-04,6.06E-02
Uber,marketplace,2.02E+03,3.00E+00,3.81E+03,3.81E+09,1.95E+03,1.95E+09,5.12E-01,1.03E+02,1.03E+08,active riders,3.70E+01,1.01E-09,4.97E-09,-9.52E-05,3.88E-02
Uber,marketplace,2.02E+03,4.00E+00,3.73E+03,3.73E+09,2.14E+03,2.14E+09,5.74E-01,1.11E+02,1.11E+08,active riders,3.40E+01,9.41E-10,5.17E-09,-8.19E-05,7.21E-02
Uber,marketplace,2.02E+03,1.00E+00,3.54E+03,3.54E+09,1.76E+03,1.76E+09,4.96E-01,1.03E+02,1.03E+08,active riders,3.40E+01,1.02E-09,4.81E-09,-9.52E-05,-7.77E-02
Uber,marketplace,2.02E+03,2.00E+00,2.24E+03,2.24E+09,9.89E+02,9.89E+08,4.41E-01,5.50E+01,5.50E+07,active riders,4.10E+01,1.94E-09,8.02E-09,-3.37E-04,-8.73E-01
Uber,marketplace,2.02E+03,3.00E+00,3.13E+03,3.13E+09,1.52E+03,1.52E+09,4.84E-01,7.80E+01,7.80E+07,active riders,4.00E+01,1.35E-09,6.21E-09,-1.67E-04,2.95E-01
PayPal,payment_processor,2.01E+03,1.00E+00,1.87E+03,1.87E+09,9.76E+02,9.76E+08,5.21E-01,1.48E+02,1.48E+08,mau,1.26E+01,9.18E-09,3.51E-09,5.67E-09,4.07E-02
PayPal,payment_processor,2.01E+03,2.00E+00,1.98E+03,1.98E+09,1.05E+03,1.05E+09,5.30E-01,1.53E+02,1.53E+08,mau,1.30E+01,9.17E-09,3.48E-09,5.70E-09,2.76E-02
PayPal,payment_processor,2.01E+03,3.00E+00,1.98E+03,1.98E+09,1.00E+03,1.00E+09,5.07E-01,1.57E+02,1.57E+08,mau,1.26E+01,8.63E-09,3.23E-09,5.40E-09,2.89E-02
PayPal,payment_processor,2.01E+03,4.00E+00,2.19E+03,2.19E+09,1.19E+03,1.19E+09,5.43E-01,1.62E+02,1.62E+08,mau,1.36E+01,9.00E-09,3.36E-09,5.64E-09,2.93E-02
PayPal,payment_processor,2.02E+03,1.00E+00,2.14E+03,2.14E+09,1.14E+03,1.14E+09,5.31E-01,1.65E+02,1.65E+08,mau,1.29E+01,8.39E-09,3.22E-09,5.18E-09,2.29E-02
PayPal,payment_processor,2.02E+03,2.00E+00,2.30E+03,2.30E+09,1.20E+03,1.20E+09,5.22E-01,1.69E+02,1.69E+08,mau,1.36E+01,8.59E-09,3.09E-09,5.50E-09,2.30E-02
PayPal,payment_processor,2.02E+03,3.00E+00,2.26E+03,2.26E+09,1.12E+03,1.12E+09,4.97E-01,1.73E+02,1.73E+08,mau,1.31E+01,8.07E-09,2.87E-09,5.19E-09,2.37E-02
PayPal,payment_processor,2.02E+03,4.00E+00,2.56E+03,2.56E+09,1.26E+03,1.26E+09,4.94E-01,1.79E+02,1.79E+08,mau,1.43E+01,8.48E-09,2.76E-09,5.72E-09,3.47E-02
PayPal,payment_processor,2.02E+03,1.00E+00,2.54E+03,2.54E+09,1.24E+03,1.24E+09,4.88E-01,1.84E+02,1.84E+08,mau,1.38E+01,7.99E-09,2.65E-09,5.34E-09,2.79E-02
PayPal,payment_processor,2.02E+03,2.00E+00,2.65E+03,2.65E+09,1.27E+03,1.27E+09,4.78E-01,1.88E+02,1.88E+08,mau,1.41E+01,7.96E-09,2.54E-09,5.41E-09,2.17E-02
PayPal,payment_processor,2.02E+03,3.00E+00,2.67E+03,2.67E+09,1.24E+03,1.24E+09,4.65E-01,1.92E+02,1.92E+08,mau,1.39E+01,7.68E-09,2.42E-09,5.25E-09,2.13E-02
PayPal,payment_processor,2.02E+03,4.00E+00,2.98E+03,2.98E+09,1.39E+03,1.39E+09,4.67E-01,1.97E+02,1.97E+08,mau,1.51E+01,8.11E-09,2.37E-09,5.74E-09,2.60E-02
PayPal,payment_processor,2.02E+03,1.00E+00,2.98E+03,2.98E+09,1.37E+03,1.37E+09,4.61E-01,2.05E+02,2.05E+08,mau,1.45E+01,7.47E-09,2.25E-09,5.22E-09,4.06E-02
PayPal,payment_processor,2.02E+03,2.00E+00,3.14E+03,3.14E+09,1.43E+03,1.43E+09,4.56E-01,2.12E+02,2.12E+08,mau,1.48E+01,7.35E-09,2.15E-09,5.20E-09,3.41E-02
PayPal,payment_processor,2.02E+03,3.00E+00,3.24E+03,3.24E+09,1.43E+03,1.43E+09,4.41E-01,2.20E+02,2.20E+08,mau,1.47E+01,7.04E-09,2.00E-09,5.03E-09,3.77E-02
PayPal,payment_processor,2.02E+03,4.00E+00,3.74E+03,3.74E+09,2.17E+03,2.17E+09,5.80E-01,2.29E+02,2.29E+08,mau,1.63E+01,7.46E-09,2.53E-09,4.93E-09,4.09E-02
PayPal,payment_processor,2.02E+03,1.00E+00,3.69E+03,3.69E+09,1.76E+03,1.76E+09,4.78E-01,2.37E+02,2.37E+08,mau,1.55E+01,6.86E-09,2.02E-09,4.84E-09,3.49E-02
PayPal,payment_processor,2.02E+03,2.00E+00,3.86E+03,3.86E+09,1.82E+03,1.82E+09,4.73E-01,2.44E+02,2.44E+08,mau,1.58E+01,6.76E-09,1.94E-09,4.82E-09,2.95E-02
PayPal,payment_processor,2.02E+03,3.00E+00,3.68E+03,3.68E+09,1.67E+03,1.67E+09,4.54E-01,2.54E+02,2.54E+08,mau,1.45E+01,5.97E-09,1.79E-09,4.18E-09,4.10E-02
PayPal,payment_processor,2.02E+03,4.00E+00,4.23E+03,4.23E+09,1.93E+03,1.93E+09,4.57E-01,2.67E+02,2.67E+08,mau,1.58E+01,6.16E-09,1.71E-09,4.45E-09,5.12E-02
PayPal,payment_processor,2.02E+03,1.00E+00,4.13E+03,4.13E+09,1.85E+03,1.85E+09,4.48E-01,2.77E+02,2.77E+08,mau,1.49E+01,5.59E-09,1.62E-09,3.98E-09,3.75E-02
PayPal,payment_processor,2.02E+03,2.00E+00,4.31E+03,4.31E+09,1.96E+03,1.96E+09,4.56E-01,2.86E+02,2.86E+08,mau,1.51E+01,5.46E-09,1.59E-09,3.87E-09,3.25E-02
PayPal,payment_processor,2.02E+03,3.00E+00,4.38E+03,4.38E+09,1.95E+03,1.95E+09,4.45E-01,2.95E+02,2.95E+08,mau,1.48E+01,5.22E-09,1.51E-09,3.71E-09,3.15E-02
PayPal,payment_processor,2.02E+03,4.00E+00,4.96E+03,4.96E+09,2.23E+03,2.23E+09,4.49E-01,3.05E+02,3.05E+08,mau,1.63E+01,5.50E-09,1.47E-09,4.03E-09,3.39E-02
PayPal,payment_processor,2.02E+03,1.00E+00,4.62E+03,4.62E+09,1.89E+03,1.89E+09,4.09E-01,3.25E+02,3.25E+08,mau,1.42E+01,4.52E-09,1.26E-09,3.27E-09,6.56E-02
PayPal,payment_processor,2.02E+03,2.00E+00,5.26E+03,5.26E+09,2.56E+03,2.56E+09,4.86E-01,3.46E+02,3.46E+08,mau,1.52E+01,4.52E-09,1.40E-09,3.12E-09,6.46E-02
PayPal,payment_processor,2.02E+03,3.00E+00,5.46E+03,5.46E+09,2.64E+03,2.64E+09,4.84E-01,3.61E+02,3.61E+08,mau,1.51E+01,4.30E-09,1.34E-09,2.96E-09,4.34E-02
Twitter,social_network,2.01E+03,1.00E+00,1.14E+02,1.14E+08,7.30E+01,7.30E+07,6.40E-01,2.04E+02,2.04E+08,mau,5.60E-01,1.34E-03,3.14E-03,-1.82E-03,9.31E-02
Twitter,social_network,2.01E+03,2.00E+00,1.39E+02,1.39E+08,8.90E+01,8.90E+07,6.40E-01,2.18E+02,2.18E+08,mau,6.40E-01,1.37E-03,2.94E-03,-1.59E-03,6.42E-02
Twitter,social_network,2.01E+03,3.00E+00,1.69E+02,1.69E+08,1.06E+02,1.06E+08,6.27E-01,2.32E+02,2.32E+08,mau,7.30E-01,1.42E-03,2.70E-03,-1.31E-03,6.03E-02
Twitter,social_network,2.01E+03,4.00E+00,2.43E+02,2.43E+08,1.30E+02,1.30E+08,5.35E-01,2.41E+02,2.41E+08,mau,1.01E+00,1.76E-03,2.22E-03,-4.76E-04,3.73E-02
Twitter,social_network,2.01E+03,1.00E+00,2.50E+02,2.50E+08,1.65E+02,1.65E+08,6.60E-01,2.55E+02,2.55E+08,mau,9.80E-01,1.61E-03,2.59E-03,-9.94E-04,5.49E-02
Twitter,social_network,2.01E+03,2.00E+00,3.12E+02,3.12E+08,2.12E+02,2.12E+08,6.80E-01,2.71E+02,2.71E+08,mau,1.15E+00,1.71E-03,2.51E-03,-8.11E-04,5.90E-02
Twitter,social_network,2.01E+03,3.00E+00,3.61E+02,3.61E+08,2.37E+02,2.37E+08,6.57E-01,2.84E+02,2.84E+08,mau,1.27E+00,1.76E-03,2.31E-03,-5.68E-04,4.58E-02
Twitter,social_network,2.01E+03,4.00E+00,4.79E+02,4.79E+08,3.42E+02,3.42E+08,7.14E-01,2.88E+02,2.88E+08,mau,1.66E+00,2.16E-03,2.48E-03,-3.29E-04,1.39E-02
Twitter,social_network,2.02E+03,1.00E+00,4.36E+02,4.36E+08,2.92E+02,2.92E+08,6.70E-01,3.02E+02,3.02E+08,mau,1.44E+00,1.82E-03,2.22E-03,-4.11E-04,4.64E-02
Twitter,social_network,2.02E+03,2.00E+00,5.02E+02,5.02E+08,3.35E+02,3.35E+08,6.67E-01,3.04E+02,3.04E+08,mau,1.65E+00,2.02E-03,2.20E-03,-1.88E-04,6.60E-03
Twitter,social_network,2.02E+03,3.00E+00,5.69E+02,5.69E+08,3.69E+02,3.69E+08,6.49E-01,3.07E+02,3.07E+08,mau,1.85E+00,2.20E-03,2.11E-03,7.54E-05,9.80E-03
Twitter,social_network,2.02E+03,4.00E+00,7.10E+02,7.10E+08,4.93E+02,4.93E+08,6.94E-01,3.05E+02,3.05E+08,mau,2.33E+00,2.69E-03,2.28E-03,3.98E-04,-6.60E-03
Twitter,social_network,2.02E+03,1.00E+00,5.95E+02,5.95E+08,3.96E+02,3.96E+08,6.66E-01,3.10E+02,3.10E+08,mau,1.92E+00,2.24E-03,2.15E-03,8.14E-05,1.61E-02
Twitter,social_network,2.02E+03,2.00E+00,6.02E+02,6.02E+08,3.99E+02,3.99E+08,6.63E-01,3.13E+02,3.13E+08,mau,1.92E+00,2.22E-03,2.12E-03,9.00E-05,9.60E-03
Twitter,social_network,2.02E+03,3.00E+00,6.16E+02,6.16E+08,3.91E+02,3.91E+08,6.35E-01,3.17E+02,3.17E+08,mau,1.94E+00,2.20E-03,2.00E-03,1.92E-04,1.26E-02
Twitter,social_network,2.02E+03,4.00E+00,7.17E+02,7.17E+08,4.11E+02,4.11E+08,5.73E-01,3.18E+02,3.18E+08,mau,2.25E+00,2.49E-03,1.80E-03,6.78E-04,3.10E-03
Twitter,social_network,2.02E+03,1.00E+00,5.48E+02,5.48E+08,3.28E+02,3.28E+08,5.99E-01,3.27E+02,3.27E+08,mau,1.68E+00,1.88E-03,1.83E-03,3.72E-05,2.75E-02
Twitter,social_network,2.02E+03,2.00E+00,5.74E+02,5.74E+08,3.61E+02,3.61E+08,6.29E-01,3.26E+02,3.26E+08,mau,1.76E+00,1.96E-03,1.93E-03,2.51E-05,-3.10E-03
Twitter,social_network,2.02E+03,3.00E+00,5.90E+02,5.90E+08,3.80E+02,3.80E+08,6.44E-01,3.30E+02,3.30E+08,mau,1.79E+00,1.96E-03,1.95E-03,3.00E-07,1.21E-02
Twitter,social_network,2.02E+03,4.00E+00,7.32E+02,7.32E+08,5.14E+02,5.14E+08,7.02E-01,3.30E+02,3.30E+08,mau,2.22E+00,2.35E-03,2.13E-03,2.17E-04,0.00E+00
Twitter,social_network,2.02E+03,1.00E+00,6.65E+02,6.65E+08,4.42E+02,4.42E+08,6.65E-01,3.36E+02,3.36E+08,mau,1.98E+00,2.09E-03,1.98E-03,1.06E-04,1.79E-02
Twitter,social_network,2.02E+03,2.00E+00,7.11E+02,7.11E+08,4.80E+02,4.80E+08,6.75E-01,3.35E+02,3.35E+08,mau,2.12E+00,2.23E-03,2.02E-03,2.04E-04,-3.00E-03
Twitter,social_network,2.02E+03,3.00E+00,7.58E+02,7.58E+08,5.14E+02,5.14E+08,6.78E-01,3.26E+02,3.26E+08,mau,2.33E+00,2.48E-03,2.08E-03,3.95E-04,-2.76E-02
Twitter,social_network,2.02E+03,4.00E+00,9.09E+02,9.09E+08,6.40E+02,6.40E+08,7.04E-01,3.21E+02,3.21E+08,mau,2.83E+00,2.99E-03,2.19E-03,7.88E-04,-1.56E-02
Twitter,social_network,2.02E+03,1.00E+00,7.87E+02,7.87E+08,5.23E+02,5.23E+08,6.65E-01,3.30E+02,3.30E+08,mau,2.38E+00,2.50E-03,2.01E-03,4.80E-04,2.73E-02
Twitter,social_network,2.02E+03,2.00E+00,8.41E+02,8.41E+08,5.63E+02,5.63E+08,6.69E-01,3.30E+02,3.30E+08,mau,2.55E+00,2.65E-03,2.03E-03,6.11E-04,0.00E+00
Twitter,social_network,2.02E+03,3.00E+00,8.24E+02,8.24E+08,5.43E+02,5.43E+08,6.59E-01,3.30E+02,3.30E+08,mau,2.50E+00,2.60E-03,2.00E-03,5.97E-04,0.00E+00
Twitter,social_network,2.02E+03,4.00E+00,1.01E+03,1.01E+09,6.93E+02,6.93E+08,6.88E-01,3.40E+02,3.40E+08,mau,2.96E+00,2.91E-03,2.02E-03,8.77E-04,2.94E-02
Twitter,social_network,2.02E+03,1.00E+00,8.08E+02,8.08E+08,5.24E+02,5.24E+08,6.49E-01,3.26E+02,3.26E+08,mau,2.48E+00,2.62E-03,1.99E-03,6.24E-04,-4.29E-02
Twitter,social_network,2.02E+03,2.00E+00,6.83E+02,6.83E+08,3.95E+02,3.95E+08,5.78E-01,3.26E+02,3.26E+08,mau,2.10E+00,2.27E-03,1.77E-03,4.91E-04,0.00E+00
Twitter,social_network,2.02E+03,3.00E+00,9.36E+02,9.36E+08,5.75E+02,5.75E+08,6.14E-01,3.53E+02,3.53E+08,mau,2.65E+00,2.54E-03,1.74E-03,7.87E-04,7.65E-02
Spotify,streaming_service,2.02E+03,1.00E+00,7.49E+02,7.49E+08,3.80E+01,3.80E+07,5.01E-02,9.60E+01,9.60E+07,mau,7.80E+00,9.16E-09,5.22E-10,8.64E-09,5.21E-02
Spotify,streaming_service,2.02E+03,2.00E+00,8.64E+02,8.64E+08,1.26E+02,1.26E+08,1.46E-01,1.04E+02,1.04E+08,mau,8.31E+00,8.94E-09,1.40E-09,7.54E-09,7.69E-02
Spotify,streaming_service,2.02E+03,3.00E+00,9.04E+02,9.04E+08,1.37E+02,1.37E+08,1.51E-01,1.13E+02,1.13E+08,mau,8.00E+00,7.90E-09,1.34E-09,6.57E-09,7.96E-02
Spotify,streaming_service,2.02E+03,4.00E+00,1.06E+03,1.06E+09,1.85E+02,1.85E+08,1.76E-01,1.23E+02,1.23E+08,mau,8.58E+00,7.73E-09,1.43E-09,6.30E-09,8.13E-02
Spotify,streaming_service,2.02E+03,1.00E+00,1.09E+03,1.09E+09,1.27E+02,1.27E+08,1.16E-01,1.31E+02,1.31E+08,mau,8.33E+00,7.04E-09,8.89E-10,6.15E-09,6.11E-02
Spotify,streaming_service,2.02E+03,2.00E+00,1.22E+03,1.22E+09,2.81E+02,2.81E+08,2.30E-01,1.38E+02,1.38E+08,mau,8.83E+00,7.04E-09,1.67E-09,5.37E-09,5.07E-02
Spotify,streaming_service,2.02E+03,3.00E+00,1.25E+03,1.25E+09,2.78E+02,2.78E+08,2.23E-01,1.50E+02,1.50E+08,mau,8.32E+00,6.10E-09,1.49E-09,4.62E-09,8.00E-02
Spotify,streaming_service,2.02E+03,4.00E+00,1.39E+03,1.39E+09,3.41E+02,3.41E+08,2.45E-01,1.60E+02,1.60E+08,mau,8.69E+00,5.94E-09,1.53E-09,4.41E-09,6.25E-02
Spotify,streaming_service,2.02E+03,1.00E+00,1.40E+03,1.40E+09,3.48E+02,3.48E+08,2.49E-01,1.70E+02,1.70E+08,mau,8.24E+00,5.30E-09,1.46E-09,3.83E-09,5.88E-02
Spotify,streaming_service,2.02E+03,2.00E+00,1.52E+03,1.52E+09,3.92E+02,3.92E+08,2.58E-01,1.80E+02,1.80E+08,mau,8.43E+00,5.10E-09,1.43E-09,3.67E-09,5.56E-02
Spotify,streaming_service,2.02E+03,3.00E+00,1.57E+03,1.57E+09,3.98E+02,3.98E+08,2.53E-01,1.91E+02,1.91E+08,mau,8.23E+00,4.69E-09,1.33E-09,3.36E-09,5.76E-02
Spotify,streaming_service,2.02E+03,4.00E+00,1.72E+03,1.72E+09,4.60E+02,4.60E+08,2.67E-01,2.07E+02,2.07E+08,mau,8.31E+00,4.35E-09,1.29E-09,3.06E-09,7.73E-02
Spotify,streaming_service,2.02E+03,1.00E+00,1.72E+03,1.72E+09,4.24E+02,4.24E+08,2.47E-01,2.17E+02,2.17E+08,mau,7.91E+00,3.95E-09,1.14E-09,2.81E-09,4.61E-02
Spotify,streaming_service,2.02E+03,2.00E+00,1.87E+03,1.87E+09,4.88E+02,4.88E+08,2.60E-01,2.32E+02,2.32E+08,mau,8.08E+00,3.75E-09,1.12E-09,2.63E-09,6.47E-02
Spotify,streaming_service,2.02E+03,3.00E+00,1.93E+03,1.93E+09,4.90E+02,4.90E+08,2.55E-01,2.48E+02,2.48E+08,mau,7.76E+00,3.37E-09,1.03E-09,2.34E-09,6.45E-02
Spotify,streaming_service,2.02E+03,4.00E+00,2.06E+03,2.06E+09,5.27E+02,5.27E+08,2.56E-01,2.71E+02,2.71E+08,mau,7.61E+00,3.01E-09,9.44E-10,2.07E-09,8.49E-02
Spotify,streaming_service,2.02E+03,1.00E+00,2.04E+03,2.04E+09,5.21E+02,5.21E+08,2.56E-01,2.86E+02,2.86E+08,mau,7.13E+00,2.68E-09,8.93E-10,1.78E-09,5.24E-02
Spotify,streaming_service,2.02E+03,2.00E+00,2.08E+03,2.08E+09,5.27E+02,5.27E+08,2.53E-01,2.99E+02,2.99E+08,mau,6.96E+00,2.50E-09,8.47E-10,1.65E-09,4.35E-02
Spotify,streaming_service,2.02E+03,3.00E+00,2.31E+03,2.31E+09,5.72E+02,5.72E+08,2.48E-01,3.20E+02,3.20E+08,mau,7.22E+00,2.41E-09,7.74E-10,1.63E-09,6.56E-02
Snap,social_network,2.02E+03,1.00E+00,4.00E+00,3.90E+06,-1.70E+01,-1.70E+07,-4.36E+00,8.00E+01,8.00E+07,mau,5.00E-02,9.25E-11,-5.45E-08,5.46E-08,1.13E-01
Snap,social_network,2.02E+03,2.00E+00,5.00E+00,5.30E+06,-3.50E+01,-3.50E+07,-6.60E+00,8.60E+01,8.60E+07,mau,6.00E-02,1.07E-10,-7.68E-08,7.69E-08,6.98E-02
Snap,social_network,2.02E+03,3.00E+00,1.70E+01,1.67E+07,-4.00E+01,-4.00E+07,-2.37E+00,9.40E+01,9.40E+07,mau,1.80E-01,2.62E-10,-2.52E-08,2.54E-08,8.51E-02
Snap,social_network,2.02E+03,4.00E+00,3.30E+01,3.30E+07,-3.20E+01,-3.20E+07,-9.70E-01,1.07E+02,1.07E+08,mau,3.10E-01,3.83E-10,-9.06E-09,9.45E-09,1.22E-01
Snap,social_network,2.02E+03,1.00E+00,3.90E+01,3.90E+07,-3.70E+01,-3.70E+07,-9.49E-01,1.22E+02,1.22E+08,mau,3.20E-01,3.45E-10,-7.78E-09,8.12E-09,1.23E-01
Snap,social_network,2.02E+03,2.00E+00,7.20E+01,7.20E+07,-2.30E+01,-2.30E+07,-3.19E-01,1.43E+02,1.43E+08,mau,5.00E-01,4.48E-10,-2.23E-09,2.68E-09,1.47E-01
Snap,social_network,2.02E+03,3.00E+00,1.28E+02,1.28E+08,0.00E+00,0.00E+00,0.00E+00,1.53E+02,1.53E+08,mau,8.40E-01,6.74E-10,0.00E+00,6.74E-10,6.54E-02
Snap,social_network,2.02E+03,4.00E+00,1.66E+02,1.66E+08,1.20E+01,1.20E+07,7.23E-02,1.58E+02,1.58E+08,mau,1.05E+00,8.09E-10,4.58E-10,3.51E-10,3.16E-02
Snap,social_network,2.02E+03,1.00E+00,1.50E+02,1.50E+08,-1.40E+01,-1.40E+07,-9.33E-02,1.66E+02,1.66E+08,mau,9.00E-01,6.66E-10,-5.62E-10,1.23E-09,4.82E-02
Snap,social_network,2.02E+03,2.00E+00,1.82E+02,1.82E+08,3.00E+01,3.00E+07,1.65E-01,1.73E+02,1.73E+08,mau,1.05E+00,7.36E-10,9.53E-10,-2.17E-10,4.05E-02
Snap,social_network,2.02E+03,3.00E+00,2.08E+02,2.08E+08,-3.00E+00,-3.00E+06,-1.44E-02,1.78E+02,1.78E+08,mau,1.17E+00,7.89E-10,-8.10E-11,8.70E-10,2.81E-02
Snap,social_network,2.02E+03,4.00E+00,2.86E+02,2.86E+08,9.40E+01,9.40E+07,3.29E-01,1.87E+02,1.87E+08,mau,1.53E+00,9.67E-10,1.76E-09,-7.90E-10,4.81E-02
Snap,social_network,2.02E+03,1.00E+00,2.31E+02,2.31E+08,3.40E+01,3.40E+07,1.47E-01,1.91E+02,1.91E+08,mau,1.21E+00,7.57E-10,7.71E-10,-1.35E-11,2.09E-02
Snap,social_network,2.02E+03,2.00E+00,2.62E+02,2.62E+08,7.10E+01,7.10E+07,2.71E-01,1.88E+02,1.88E+08,mau,1.39E+00,8.81E-10,1.44E-09,-5.61E-10,-1.60E-02
Snap,social_network,2.02E+03,3.00E+00,2.98E+02,2.98E+08,1.00E+02,1.00E+08,3.36E-01,1.86E+02,1.86E+08,mau,1.60E+00,1.02E-09,1.80E-09,-7.88E-10,-1.08E-02
Snap,social_network,2.02E+03,4.00E+00,3.90E+02,3.90E+08,1.77E+02,1.77E+08,4.54E-01,1.86E+02,1.86E+08,mau,2.10E+00,1.31E-09,2.44E-09,-1.13E-09,0.00E+00
Snap,social_network,2.02E+03,1.00E+00,3.20E+02,3.20E+08,1.17E+02,1.17E+08,3.66E-01,1.90E+02,1.90E+08,mau,1.68E+00,1.04E-09,1.92E-09,-8.82E-10,2.11E-02
Snap,social_network,2.02E+03,2.00E+00,3.88E+02,3.88E+08,1.73E+02,1.73E+08,4.46E-01,2.03E+02,2.03E+08,mau,1.91E+00,1.10E-09,2.20E-09,-1.10E-09,6.40E-02
Snap,social_network,2.02E+03,3.00E+00,4.46E+02,4.46E+08,2.23E+02,2.23E+08,5.00E-01,2.10E+02,2.10E+08,mau,2.12E+00,1.17E-09,2.38E-09,-1.21E-09,3.33E-02
Snap,social_network,2.02E+03,4.00E+00,5.61E+02,5.61E+08,3.07E+02,3.07E+08,5.47E-01,2.18E+02,2.18E+08,mau,2.57E+00,1.35E-09,2.51E-09,-1.16E-09,3.67E-02
Snap,social_network,2.02E+03,1.00E+00,4.62E+02,4.62E+08,2.09E+02,2.09E+08,4.52E-01,2.29E+02,2.29E+08,mau,2.02E+00,1.02E-09,1.98E-09,-9.59E-10,4.80E-02
Snap,social_network,2.02E+03,2.00E+00,4.54E+02,4.54E+08,2.04E+02,2.04E+08,4.49E-01,2.38E+02,2.38E+08,mau,1.91E+00,9.26E-10,1.89E-09,-9.62E-10,3.78E-02
Snap,social_network,2.02E+03,3.00E+00,6.79E+02,6.79E+08,3.86E+02,3.86E+08,5.69E-01,2.49E+02,2.49E+08,mau,2.73E+00,1.24E-09,2.28E-09,-1.04E-09,4.42E-02
Shopify,marketplace,2.01E+03,2.00E+00,1.10E+01,1.06E+07,9.00E+00,9.00E+06,8.10E-01,6.25E-02,6.25E+04,merchants,1.70E+02,3.87E-04,1.30E-05,3.74E-04,1.72E-01
Shopify,marketplace,2.01E+03,3.00E+00,1.30E+01,1.27E+07,1.00E+01,1.00E+07,7.48E-01,7.33E-02,7.33E+04,merchants,1.74E+02,3.34E-04,1.02E-05,3.24E-04,1.47E-01
Shopify,marketplace,2.01E+03,4.00E+00,1.80E+01,1.77E+07,1.10E+01,1.10E+07,6.34E-01,8.40E-02,8.40E+04,merchants,2.11E+02,3.47E-04,7.55E-06,3.39E-04,1.28E-01
Shopify,marketplace,2.01E+03,1.00E+00,1.90E+01,1.90E+07,1.20E+01,1.20E+07,6.32E-01,9.65E-02,9.65E+04,merchants,1.97E+02,2.80E-04,6.55E-06,2.74E-04,1.29E-01
Shopify,marketplace,2.01E+03,2.00E+00,2.40E+01,2.40E+07,1.40E+01,1.40E+07,5.83E-01,1.13E-01,1.13E+05,merchants,2.13E+02,2.55E-04,5.17E-06,2.50E-04,1.46E-01
Shopify,marketplace,2.01E+03,3.00E+00,2.70E+01,2.70E+07,1.60E+01,1.60E+07,5.93E-01,1.29E-01,1.29E+05,merchants,2.09E+02,2.17E-04,4.58E-06,2.12E-04,1.28E-01
Shopify,marketplace,2.01E+03,4.00E+00,3.50E+01,3.50E+07,2.00E+01,2.00E+07,5.71E-01,1.46E-01,1.46E+05,merchants,2.40E+02,2.18E-04,3.92E-06,2.14E-04,1.13E-01
Shopify,marketplace,2.02E+03,1.00E+00,3.70E+01,3.70E+07,2.20E+01,2.20E+07,5.95E-01,1.62E-01,1.62E+05,merchants,2.28E+02,1.86E-04,3.66E-06,1.82E-04,1.02E-01
Shopify,marketplace,2.02E+03,2.00E+00,4.50E+01,4.50E+07,2.50E+01,2.50E+07,5.56E-01,1.75E-01,1.75E+05,merchants,2.57E+02,1.92E-04,3.17E-06,1.89E-04,7.26E-02
Shopify,marketplace,2.02E+03,3.00E+00,5.30E+01,5.30E+07,2.90E+01,2.90E+07,5.47E-01,2.00E-01,2.00E+05,merchants,2.65E+02,1.72E-04,2.74E-06,1.69E-04,1.25E-01
Shopify,marketplace,2.02E+03,4.00E+00,7.00E+01,7.00E+07,3.80E+01,3.80E+07,5.43E-01,2.43E-01,2.43E+05,merchants,2.88E+02,1.51E-04,2.23E-06,1.49E-04,1.77E-01
Shopify,marketplace,2.02E+03,1.00E+00,7.30E+01,7.30E+07,4.00E+01,4.00E+07,5.48E-01,2.75E-01,2.75E+05,merchants,2.65E+02,1.23E-04,1.99E-06,1.21E-04,1.16E-01
Shopify,marketplace,2.02E+03,2.00E+00,8.70E+01,8.70E+07,4.80E+01,4.80E+07,5.52E-01,3.00E-01,3.00E+05,merchants,2.90E+02,1.22E-04,1.84E-06,1.20E-04,8.33E-02
Shopify,marketplace,2.02E+03,3.00E+00,1.00E+02,1.00E+08,5.40E+01,5.40E+07,5.40E-01,3.25E-01,3.25E+05,merchants,3.08E+02,1.18E-04,1.66E-06,1.17E-04,7.69E-02
Shopify,marketplace,2.02E+03,4.00E+00,1.30E+02,1.30E+08,6.80E+01,6.80E+07,5.23E-01,3.75E-01,3.75E+05,merchants,3.47E+02,1.14E-04,1.39E-06,1.13E-04,1.33E-01
Shopify,marketplace,2.02E+03,1.00E+00,1.27E+02,1.27E+08,7.20E+01,7.20E+07,5.67E-01,4.55E-01,4.55E+05,merchants,2.79E+02,7.57E-05,1.25E-06,7.45E-05,1.76E-01
Shopify,marketplace,2.02E+03,2.00E+00,1.52E+02,1.52E+08,8.70E+01,8.70E+07,5.72E-01,5.00E-01,5.00E+05,merchants,3.04E+02,7.43E-05,1.14E-06,7.32E-05,9.00E-02
Shopify,marketplace,2.02E+03,3.00E+00,1.71E+02,1.71E+08,1.00E+02,1.00E+08,5.85E-01,5.50E-01,5.50E+05,merchants,3.11E+02,6.87E-05,1.06E-06,6.76E-05,9.09E-02
Shopify,marketplace,2.02E+03,4.00E+00,2.23E+02,2.23E+08,1.21E+02,1.21E+08,5.43E-01,6.09E-01,6.09E+05,merchants,3.66E+02,7.20E-05,8.91E-07,7.11E-05,9.69E-02
Shopify,marketplace,2.02E+03,1.00E+00,2.14E+02,2.14E+08,1.24E+02,1.24E+08,5.79E-01,6.59E-01,6.59E+05,merchants,3.25E+02,5.92E-05,8.79E-07,5.83E-05,7.59E-02
Shopify,marketplace,2.02E+03,2.00E+00,2.45E+02,2.45E+08,1.37E+02,1.37E+08,5.59E-01,7.19E-01,7.19E+05,merchants,3.41E+02,5.65E-05,7.78E-07,5.57E-05,8.34E-02
Shopify,marketplace,2.02E+03,3.00E+00,2.70E+02,2.70E+08,1.50E+02,1.50E+08,5.56E-01,7.69E-01,7.69E+05,merchants,3.51E+02,5.42E-05,7.22E-07,5.34E-05,6.50E-02
Shopify,marketplace,2.02E+03,4.00E+00,3.44E+02,3.44E+08,1.86E+02,1.86E+08,5.41E-01,8.20E-01,8.20E+05,merchants,4.20E+02,5.99E-05,6.59E-07,5.93E-05,6.22E-02
Shopify,marketplace,2.02E+03,1.00E+00,3.20E+02,3.20E+08,1.80E+02,1.80E+08,5.63E-01,8.60E-01,8.60E+05,merchants,3.72E+02,5.09E-05,6.54E-07,5.02E-05,4.65E-02
Shopify,marketplace,2.02E+03,2.00E+00,3.62E+02,3.62E+08,2.05E+02,2.05E+08,5.66E-01,9.00E-01,9.00E+05,merchants,4.02E+02,5.22E-05,6.29E-07,5.16E-05,4.44E-02
Shopify,marketplace,2.02E+03,3.00E+00,3.91E+02,3.91E+08,2.17E+02,2.17E+08,5.55E-01,9.60E-01,9.60E+05,merchants,4.07E+02,4.94E-05,5.78E-07,4.88E-05,6.25E-02
Shopify,marketplace,2.02E+03,4.00E+00,5.05E+02,5.05E+08,2.64E+02,2.64E+08,5.23E-01,1.00E+00,1.00E+06,merchants,5.05E+02,5.80E-05,5.23E-07,5.75E-05,4.00E-02
Lyft,marketplace,2.02E+03,1.00E+00,1.73E+02,1.73E+08,5.40E+01,5.40E+07,3.12E-01,8.10E+00,8.10E+06,riders,5.00E-02,7.02E-10,3.85E-08,-3.78E-08,1.85E-01
Lyft,marketplace,2.02E+03,2.00E+00,2.39E+02,2.39E+08,9.50E+01,9.50E+07,3.98E-01,9.40E+00,9.40E+06,riders,4.00E-02,4.99E-10,4.23E-08,-4.18E-08,1.38E-01
Lyft,marketplace,2.02E+03,3.00E+00,3.04E+02,3.04E+08,1.15E+02,1.15E+08,3.78E-01,1.14E+01,1.14E+07,riders,4.00E-02,3.88E-10,3.32E-08,-3.28E-08,1.75E-01
Lyft,marketplace,2.02E+03,4.00E+00,3.45E+02,3.45E+08,1.37E+02,1.37E+08,3.97E-01,1.26E+01,1.26E+07,riders,4.00E-02,3.39E-10,3.15E-08,-3.12E-08,9.52E-02
Lyft,marketplace,2.02E+03,1.00E+00,3.97E+02,3.97E+08,1.37E+02,1.37E+08,3.45E-01,1.40E+01,1.40E+07,riders,4.00E-02,2.93E-10,2.46E-08,-2.44E-08,1.00E-01
Lyft,marketplace,2.02E+03,2.00E+00,5.05E+02,5.05E+08,2.12E+02,2.12E+08,4.20E-01,1.55E+01,1.55E+07,riders,3.00E-02,2.28E-10,2.71E-08,-2.69E-08,9.68E-02
Lyft,marketplace,2.02E+03,3.00E+00,5.85E+02,5.85E+08,2.62E+02,2.62E+08,4.48E-01,1.74E+01,1.74E+07,riders,3.00E-02,1.95E-10,2.57E-08,-2.55E-08,1.09E-01
Lyft,marketplace,2.02E+03,4.00E+00,6.70E+02,6.70E+08,3.03E+02,3.03E+08,4.52E-01,1.86E+01,1.86E+07,riders,3.00E-02,1.69E-10,2.43E-08,-2.41E-08,6.45E-02
Lyft,marketplace,2.02E+03,1.00E+00,7.76E+02,7.76E+08,3.13E+02,3.13E+08,4.03E-01,2.05E+01,2.05E+07,riders,3.00E-02,1.45E-10,1.97E-08,-1.95E-08,9.27E-02
Lyft,marketplace,2.02E+03,2.00E+00,8.67E+02,8.67E+08,2.37E+02,2.37E+08,2.73E-01,2.18E+01,2.18E+07,riders,3.00E-02,1.29E-10,1.25E-08,-1.24E-08,5.96E-02
Lyft,marketplace,2.02E+03,3.00E+00,9.56E+02,9.56E+08,3.75E+02,3.75E+08,3.92E-01,2.23E+01,2.23E+07,riders,2.00E-02,1.16E-10,1.76E-08,-1.75E-08,2.24E-02
Lyft,marketplace,2.02E+03,4.00E+00,1.02E+03,1.02E+09,5.14E+02,5.14E+08,5.05E-01,2.29E+01,2.29E+07,riders,2.00E-02,1.09E-10,2.21E-08,-2.20E-08,2.62E-02
Lyft,marketplace,2.02E+03,1.00E+00,9.56E+02,9.56E+08,4.13E+02,4.13E+08,4.32E-01,2.12E+01,2.12E+07,riders,2.00E-02,1.16E-10,2.04E-08,-2.03E-08,-8.02E-02
Netflix,streaming_service,2.01E+03,4.00E+00,8.76E+02,8.76E+08,3.00E+02,3.00E+08,3.43E-01,2.16E+01,2.16E+07,subscribers,4.10E+01,5.18E-09,1.59E-08,-1.07E-08,4.60E-03
Netflix,streaming_service,2.01E+03,1.00E+00,8.70E+02,8.70E+08,2.46E+02,2.46E+08,2.83E-01,2.44E+01,2.44E+07,subscribers,3.60E+01,4.58E-09,1.16E-08,-7.00E-09,1.16E-01
Netflix,streaming_service,2.01E+03,2.00E+00,8.89E+02,8.89E+08,2.46E+02,2.46E+08,2.77E-01,2.57E+01,2.57E+07,subscribers,3.50E+01,4.35E-09,1.08E-08,-6.42E-09,4.98E-02
Netflix,streaming_service,2.01E+03,3.00E+00,9.05E+02,9.05E+08,2.42E+02,2.42E+08,2.67E-01,2.75E+01,2.75E+07,subscribers,3.30E+01,4.06E-09,9.73E-09,-5.67E-09,6.48E-02
Netflix,streaming_service,2.01E+03,4.00E+00,9.45E+02,9.45E+08,2.23E+02,2.23E+08,2.36E-01,3.04E+01,3.04E+07,subscribers,3.10E+01,3.67E-09,7.77E-09,-4.10E-09,9.45E-02
Netflix,streaming_service,2.01E+03,1.00E+00,1.02E+03,1.02E+09,2.87E+02,2.87E+08,2.80E-01,3.42E+01,3.42E+07,subscribers,3.00E+01,3.24E-09,8.19E-09,-4.94E-09,1.13E-01
Netflix,streaming_service,2.01E+03,2.00E+00,1.07E+03,1.07E+09,3.09E+02,3.09E+08,2.89E-01,3.56E+01,3.56E+07,subscribers,3.00E+01,3.11E-09,8.11E-09,-5.00E-09,3.93E-02
Netflix,streaming_service,2.01E+03,3.00E+00,1.11E+03,1.11E+09,3.07E+02,3.07E+08,2.78E-01,3.80E+01,3.80E+07,subscribers,2.90E+01,2.91E-09,7.30E-09,-4.39E-09,6.24E-02
Netflix,streaming_service,2.01E+03,4.00E+00,1.18E+03,1.18E+09,3.55E+02,3.55E+08,3.02E-01,4.14E+01,4.14E+07,subscribers,2.80E+01,2.66E-09,7.29E-09,-4.63E-09,8.25E-02
Netflix,streaming_service,2.01E+03,1.00E+00,1.27E+03,1.27E+09,4.01E+02,4.01E+08,3.16E-01,4.61E+01,4.61E+07,subscribers,2.80E+01,2.38E-09,6.84E-09,-4.46E-09,1.02E-01
Netflix,streaming_service,2.01E+03,2.00E+00,1.34E+03,1.34E+09,4.26E+02,4.26E+08,3.18E-01,4.80E+01,4.80E+07,subscribers,2.80E+01,2.28E-09,6.62E-09,-4.34E-09,3.88E-02
Netflix,streaming_service,2.01E+03,3.00E+00,1.41E+03,1.41E+09,4.55E+02,4.55E+08,3.23E-01,5.07E+01,5.07E+07,subscribers,2.80E+01,2.16E-09,6.38E-09,-4.22E-09,5.25E-02
Netflix,streaming_service,2.01E+03,4.00E+00,1.49E+03,1.49E+09,4.70E+02,4.70E+08,3.17E-01,5.45E+01,5.45E+07,subscribers,2.70E+01,2.00E-09,5.81E-09,-3.81E-09,7.03E-02
Netflix,streaming_service,2.02E+03,1.00E+00,1.57E+03,1.57E+09,5.27E+02,5.27E+08,3.35E-01,5.96E+01,5.96E+07,subscribers,2.60E+01,1.82E-09,5.62E-09,-3.80E-09,8.62E-02
Netflix,streaming_service,2.02E+03,2.00E+00,1.65E+03,1.65E+09,5.23E+02,5.23E+08,3.18E-01,6.21E+01,6.21E+07,subscribers,2.60E+01,1.75E-09,5.12E-09,-3.37E-09,3.96E-02
Netflix,streaming_service,2.02E+03,3.00E+00,1.74E+03,1.74E+09,5.64E+02,5.64E+08,3.25E-01,6.60E+01,6.60E+07,subscribers,2.60E+01,1.64E-09,4.92E-09,-3.28E-09,5.97E-02
Netflix,streaming_service,2.02E+03,4.00E+00,1.82E+03,1.82E+09,5.74E+02,5.74E+08,3.15E-01,7.08E+01,7.08E+07,subscribers,2.60E+01,1.52E-09,4.44E-09,-2.92E-09,6.80E-02
Netflix,streaming_service,2.02E+03,1.00E+00,1.96E+03,1.96E+09,5.88E+02,5.88E+08,3.00E-01,7.77E+01,7.77E+07,subscribers,2.50E+01,1.38E-09,3.86E-09,-2.48E-09,8.84E-02
Netflix,streaming_service,2.02E+03,2.00E+00,2.11E+03,2.11E+09,6.32E+02,6.32E+08,3.00E-01,7.99E+01,7.99E+07,subscribers,2.60E+01,1.34E-09,3.76E-09,-2.42E-09,2.74E-02
Netflix,streaming_service,2.02E+03,3.00E+00,2.29E+03,2.29E+09,7.57E+02,7.57E+08,3.31E-01,8.33E+01,8.33E+07,subscribers,2.70E+01,1.28E-09,3.97E-09,-2.69E-09,4.06E-02
Netflix,streaming_service,2.02E+03,4.00E+00,2.48E+03,2.48E+09,5.96E+02,5.96E+08,2.41E-01,8.91E+01,8.91E+07,subscribers,2.80E+01,1.19E-09,2.70E-09,-1.50E-09,6.52E-02
Netflix,streaming_service,2.02E+03,1.00E+00,2.64E+03,2.64E+09,9.80E+02,9.80E+08,3.72E-01,9.44E+01,9.44E+07,subscribers,2.80E+01,1.12E-09,3.94E-09,-2.81E-09,5.58E-02
Netflix,streaming_service,2.02E+03,2.00E+00,2.79E+03,2.79E+09,8.83E+02,8.83E+08,3.17E-01,9.90E+01,9.90E+07,subscribers,2.80E+01,1.07E-09,3.20E-09,-2.13E-09,4.73E-02
Netflix,streaming_service,2.02E+03,3.00E+00,2.99E+03,2.99E+09,9.92E+02,9.92E+08,3.32E-01,1.04E+02,1.04E+08,subscribers,2.90E+01,1.01E-09,3.19E-09,-2.18E-09,4.79E-02
Netflix,streaming_service,2.02E+03,4.00E+00,3.29E+03,3.29E+09,8.05E+02,8.05E+08,2.45E-01,1.11E+02,1.11E+08,subscribers,3.00E+01,9.50E-10,2.21E-09,-1.26E-09,5.98E-02
Netflix,streaming_service,2.02E+03,1.00E+00,3.70E+03,3.70E+09,1.40E+03,1.40E+09,3.78E-01,1.19E+02,1.19E+08,subscribers,3.10E+01,8.79E-10,3.18E-09,-2.30E-09,6.95E-02
Netflix,streaming_service,2.02E+03,2.00E+00,3.91E+03,3.91E+09,1.51E+03,1.51E+09,3.85E-01,1.24E+02,1.24E+08,subscribers,3.10E+01,8.38E-10,3.10E-09,-2.26E-09,4.38E-02
Netflix,streaming_service,2.02E+03,3.00E+00,4.00E+03,4.00E+09,1.47E+03,1.47E+09,3.67E-01,1.30E+02,1.30E+08,subscribers,3.10E+01,7.99E-10,2.81E-09,-2.02E-09,4.65E-02
Netflix,streaming_service,2.02E+03,4.00E+00,4.19E+03,4.19E+09,1.45E+03,1.45E+09,3.47E-01,1.39E+02,1.39E+08,subscribers,3.00E+01,7.46E-10,2.49E-09,-1.75E-09,6.35E-02
Netflix,streaming_service,2.02E+03,1.00E+00,4.52E+03,4.52E+09,1.65E+03,1.65E+09,3.65E-01,1.49E+02,1.49E+08,subscribers,3.00E+01,6.96E-10,2.45E-09,-1.76E-09,6.45E-02
Netflix,streaming_service,2.02E+03,2.00E+00,4.92E+03,4.92E+09,1.92E+03,1.92E+09,3.89E-01,1.52E+02,1.52E+08,subscribers,3.20E+01,6.81E-10,2.57E-09,-1.89E-09,1.78E-02
Netflix,streaming_service,2.02E+03,3.00E+00,5.25E+03,5.25E+09,2.15E+03,2.15E+09,4.09E-01,1.58E+02,1.58E+08,subscribers,3.30E+01,6.50E-10,2.59E-09,-1.94E-09,4.28E-02
Netflix,streaming_service,2.02E+03,4.00E+00,5.47E+03,5.47E+09,2.00E+03,2.00E+09,3.66E-01,1.67E+02,1.67E+08,subscribers,3.30E+01,6.15E-10,2.19E-09,-1.58E-09,5.24E-02
Netflix,streaming_service,2.02E+03,1.00E+00,5.77E+03,5.77E+09,2.17E+03,2.17E+09,3.76E-01,1.83E+02,1.83E+08,subscribers,3.20E+01,5.60E-10,2.06E-09,-1.50E-09,8.62E-02
Netflix,streaming_service,2.02E+03,2.00E+00,6.15E+03,6.15E+09,2.51E+03,2.51E+09,4.07E-01,1.93E+02,1.93E+08,subscribers,3.20E+01,5.29E-10,2.11E-09,-1.58E-09,5.23E-02
Netflix,streaming_service,2.02E+03,3.00E+00,6.44E+03,6.44E+09,2.57E+03,2.57E+09,3.99E-01,1.95E+02,1.95E+08,subscribers,3.30E+01,5.22E-10,2.04E-09,-1.52E-09,1.13E-02
Pinterest,social_network,2.02E+03,1.00E+00,1.31E+02,1.31E+08,8.00E+01,8.00E+07,6.11E-01,2.39E+02,2.39E+08,mau,5.50E-01,2.83E-10,2.56E-09,-2.27E-09,9.62E-02
Pinterest,social_network,2.02E+03,2.00E+00,1.61E+02,1.61E+08,1.03E+02,1.03E+08,6.40E-01,2.31E+02,2.31E+08,mau,7.00E-01,3.68E-10,2.77E-09,-2.40E-09,-3.46E-02
Pinterest,social_network,2.02E+03,3.00E+00,1.90E+02,1.90E+08,1.27E+02,1.27E+08,6.68E-01,2.51E+02,2.51E+08,mau,7.60E-01,3.64E-10,2.66E-09,-2.30E-09,7.97E-02
Pinterest,social_network,2.02E+03,4.00E+00,2.73E+02,2.73E+08,2.05E+02,2.05E+08,7.51E-01,2.65E+02,2.65E+08,mau,1.03E+00,4.61E-10,2.83E-09,-2.37E-09,5.28E-02
Pinterest,social_network,2.02E+03,1.00E+00,2.02E+02,2.02E+08,1.28E+02,1.28E+08,6.34E-01,2.91E+02,2.91E+08,mau,6.90E-01,2.87E-10,2.18E-09,-1.89E-09,8.93E-02
Pinterest,social_network,2.02E+03,2.00E+00,2.61E+02,2.61E+08,1.56E+02,1.56E+08,5.98E-01,3.00E+02,3.00E+08,mau,8.70E-01,3.45E-10,1.99E-09,-1.65E-09,3.00E-02
Pinterest,social_network,2.02E+03,3.00E+00,2.80E+02,2.80E+08,1.96E+02,1.96E+08,7.00E-01,3.22E+02,3.22E+08,mau,8.70E-01,3.20E-10,2.17E-09,-1.85E-09,6.83E-02
Pinterest,social_network,2.02E+03,4.00E+00,4.00E+02,4.00E+08,3.04E+02,3.04E+08,7.60E-01,3.35E+02,3.35E+08,mau,1.19E+00,4.14E-10,2.27E-09,-1.85E-09,3.88E-02
Pinterest,social_network,2.02E+03,1.00E+00,2.72E+02,2.72E+08,1.73E+02,1.73E+08,6.36E-01,3.67E+02,3.67E+08,mau,7.40E-01,2.39E-10,1.73E-09,-1.49E-09,8.72E-02
Pinterest,social_network,2.02E+03,2.00E+00,2.72E+02,2.72E+08,1.64E+02,1.64E+08,6.03E-01,4.16E+02,4.16E+08,mau,6.50E-01,1.86E-10,1.45E-09,-1.26E-09,1.18E-01
Pinterest,social_network,2.02E+03,3.00E+00,4.43E+02,4.43E+08,3.30E+02,3.30E+08,7.45E-01,4.42E+02,4.42E+08,mau,1.00E+00,2.62E-10,1.69E-09,-1.42E-09,5.88E-02
Ebay,marketplace,2.01E+03,2.00E+00,2.22E+03,2.22E+09,1.60E+03,1.60E+09,7.22E-01,9.18E+01,9.18E+07,buyers,2.41E+01,2.81E-08,7.87E-09,2.03E-08,2.51E-02
Ebay,marketplace,2.01E+03,3.00E+00,2.25E+03,2.25E+09,1.61E+03,1.61E+09,7.15E-01,9.32E+01,9.32E+07,buyers,2.41E+01,2.77E-08,7.68E-09,2.00E-08,1.50E-02
Ebay,marketplace,2.01E+03,4.00E+00,2.50E+03,2.50E+09,1.79E+03,1.79E+09,7.19E-01,9.45E+01,9.45E+07,buyers,2.64E+01,2.97E-08,7.60E-09,2.21E-08,1.38E-02
Ebay,marketplace,2.01E+03,1.00E+00,2.55E+03,2.55E+09,1.82E+03,1.82E+09,7.14E-01,9.59E+01,9.59E+07,buyers,2.66E+01,2.94E-08,7.44E-09,2.20E-08,1.46E-02
Ebay,marketplace,2.01E+03,2.00E+00,2.76E+03,2.76E+09,1.99E+03,1.99E+09,7.20E-01,9.72E+01,9.72E+07,buyers,2.84E+01,3.09E-08,7.41E-09,2.35E-08,1.34E-02
Ebay,marketplace,2.01E+03,3.00E+00,2.97E+03,2.97E+09,2.05E+03,2.05E+09,6.90E-01,9.87E+01,9.87E+07,buyers,3.01E+01,3.21E-08,6.99E-09,2.52E-08,1.52E-02
Ebay,marketplace,2.01E+03,4.00E+00,3.38E+03,3.38E+09,2.34E+03,2.34E+09,6.93E-01,1.00E+02,1.00E+08,buyers,3.37E+01,3.52E-08,6.90E-09,2.83E-08,1.69E-02
Ebay,marketplace,2.01E+03,1.00E+00,3.28E+03,3.28E+09,2.29E+03,2.29E+09,7.00E-01,1.02E+02,1.02E+08,buyers,3.20E+01,3.28E-08,6.84E-09,2.60E-08,1.95E-02
Ebay,marketplace,2.01E+03,2.00E+00,3.40E+03,3.40E+09,2.41E+03,2.41E+09,7.10E-01,1.05E+02,1.05E+08,buyers,3.24E+01,3.25E-08,6.77E-09,2.57E-08,2.29E-02
Ebay,marketplace,2.01E+03,3.00E+00,3.40E+03,3.40E+09,2.38E+03,2.38E+09,7.00E-01,1.08E+02,1.08E+08,buyers,3.14E+01,3.04E-08,6.46E-09,2.40E-08,3.23E-02
Ebay,marketplace,2.01E+03,4.00E+00,3.99E+03,3.99E+09,2.77E+03,2.77E+09,6.94E-01,1.24E+02,1.24E+08,buyers,3.23E+01,2.73E-08,5.62E-09,2.16E-08,1.23E-01
Ebay,marketplace,2.01E+03,1.00E+00,3.75E+03,3.75E+09,2.60E+03,2.60E+09,6.93E-01,1.27E+02,1.27E+08,buyers,2.94E+01,2.42E-08,5.44E-09,1.87E-08,2.99E-02
Ebay,marketplace,2.01E+03,2.00E+00,3.88E+03,3.88E+09,2.67E+03,2.67E+09,6.88E-01,1.31E+02,1.31E+08,buyers,2.96E+01,2.36E-08,5.26E-09,1.84E-08,2.68E-02
Ebay,marketplace,2.01E+03,3.00E+00,3.89E+03,3.89E+09,2.67E+03,2.67E+09,6.86E-01,1.35E+02,1.35E+08,buyers,2.89E+01,2.23E-08,5.08E-09,1.72E-08,3.04E-02
Ebay,marketplace,2.01E+03,4.00E+00,4.53E+03,4.53E+09,3.08E+03,3.08E+09,6.80E-01,1.40E+02,1.40E+08,buyers,3.23E+01,2.38E-08,4.85E-09,1.90E-08,3.85E-02
Ebay,marketplace,2.01E+03,1.00E+00,4.26E+03,4.26E+09,2.91E+03,2.91E+09,6.83E-01,1.45E+02,1.45E+08,buyers,2.94E+01,2.10E-08,4.71E-09,1.63E-08,3.31E-02
Ebay,marketplace,2.01E+03,2.00E+00,4.10E+03,4.10E+09,2.92E+03,2.92E+09,7.12E-01,1.49E+02,1.49E+08,buyers,2.76E+01,1.93E-08,4.78E-09,1.45E-08,2.55E-02
Ebay,marketplace,2.01E+03,3.00E+00,2.15E+03,2.15E+09,1.74E+03,1.74E+09,8.08E-01,1.51E+02,1.51E+08,buyers,1.42E+01,1.01E-08,5.35E-09,4.75E-09,1.39E-02
Ebay,marketplace,2.01E+03,4.00E+00,2.32E+03,2.32E+09,1.88E+03,1.88E+09,8.10E-01,1.54E+02,1.54E+08,buyers,1.51E+01,1.05E-08,5.26E-09,5.20E-09,1.95E-02
Ebay,marketplace,2.02E+03,1.00E+00,2.06E+03,2.06E+09,1.65E+03,1.65E+09,8.01E-01,1.56E+02,1.56E+08,buyers,1.32E+01,9.09E-09,5.13E-09,3.96E-09,1.28E-02
Ebay,marketplace,2.02E+03,2.00E+00,2.11E+03,2.11E+09,1.68E+03,1.68E+09,7.94E-01,1.57E+02,1.57E+08,buyers,1.34E+01,9.18E-09,5.06E-09,4.12E-09,6.40E-03
Ebay,marketplace,2.02E+03,3.00E+00,2.10E+03,2.10E+09,1.67E+03,1.67E+09,7.94E-01,1.59E+02,1.59E+08,buyers,1.32E+01,8.91E-09,4.99E-09,3.91E-09,1.26E-02
Ebay,marketplace,2.02E+03,4.00E+00,2.32E+03,2.32E+09,1.83E+03,1.83E+09,7.88E-01,1.62E+02,1.62E+08,buyers,1.43E+01,9.45E-09,4.86E-09,4.58E-09,1.85E-02
Ebay,marketplace,2.02E+03,1.00E+00,2.14E+03,2.14E+09,1.66E+03,1.66E+09,7.77E-01,1.62E+02,1.62E+08,buyers,1.32E+01,8.73E-09,4.79E-09,3.93E-09,0.00E+00
Ebay,marketplace,2.02E+03,2.00E+00,2.23E+03,2.23E+09,1.74E+03,1.74E+09,7.79E-01,1.58E+02,1.58E+08,buyers,1.41E+01,9.56E-09,4.93E-09,4.63E-09,-2.53E-02
Ebay,marketplace,2.02E+03,3.00E+00,2.22E+03,2.22E+09,1.72E+03,1.72E+09,7.75E-01,1.60E+02,1.60E+08,buyers,1.39E+01,9.27E-09,4.85E-09,4.42E-09,1.25E-02
Ebay,marketplace,2.02E+03,4.00E+00,2.71E+03,2.71E+09,2.18E+03,2.18E+09,8.03E-01,1.62E+02,1.62E+08,buyers,1.68E+01,1.10E-08,4.95E-09,6.01E-09,1.23E-02
Ebay,marketplace,2.02E+03,1.00E+00,2.30E+03,2.30E+09,1.79E+03,1.79E+09,7.77E-01,1.65E+02,1.65E+08,buyers,1.40E+01,9.04E-09,4.71E-09,4.33E-09,1.82E-02
Ebay,marketplace,2.02E+03,2.00E+00,2.42E+03,2.42E+09,1.86E+03,1.86E+09,7.69E-01,1.67E+02,1.67E+08,buyers,1.45E+01,9.24E-09,4.60E-09,4.64E-09,1.20E-02
Ebay,marketplace,2.02E+03,3.00E+00,2.50E+03,2.50E+09,1.94E+03,1.94E+09,7.77E-01,1.68E+02,1.68E+08,buyers,1.49E+01,9.42E-09,4.63E-09,4.79E-09,6.00E-03
Ebay,marketplace,2.02E+03,4.00E+00,2.71E+03,2.71E+09,2.12E+03,2.12E+09,7.82E-01,1.70E+02,1.70E+08,buyers,1.59E+01,9.93E-09,4.60E-09,5.33E-09,1.18E-02
Ebay,marketplace,2.02E+03,1.00E+00,2.58E+03,2.58E+09,2.02E+03,2.02E+09,7.83E-01,1.71E+02,1.71E+08,buyers,1.51E+01,9.37E-09,4.58E-09,4.79E-09,5.80E-03
Ebay,marketplace,2.02E+03,2.00E+00,2.64E+03,2.64E+09,2.04E+03,2.04E+09,7.74E-01,1.75E+02,1.75E+08,buyers,1.51E+01,9.15E-09,4.42E-09,4.73E-09,2.29E-02
Ebay,marketplace,2.02E+03,3.00E+00,2.65E+03,2.65E+09,2.04E+03,2.04E+09,7.71E-01,1.77E+02,1.77E+08,buyers,1.50E+01,8.97E-09,4.35E-09,4.62E-09,1.13E-02
Ebay,marketplace,2.02E+03,4.00E+00,2.88E+03,2.88E+09,2.26E+03,2.26E+09,7.85E-01,1.79E+02,1.79E+08,buyers,1.61E+01,9.49E-09,4.39E-09,5.11E-09,1.12E-02
Ebay,marketplace,2.02E+03,1.00E+00,2.41E+03,2.41E+09,1.87E+03,1.87E+09,7.77E-01,1.71E+02,1.71E+08,buyers,1.41E+01,8.80E-09,4.54E-09,4.25E-09,-4.68E-02
Ebay,marketplace,2.02E+03,2.00E+00,2.42E+03,2.42E+09,1.87E+03,1.87E+09,7.72E-01,1.73E+02,1.73E+08,buyers,1.40E+01,8.63E-09,4.46E-09,4.17E-09,1.16E-02
Ebay,marketplace,2.02E+03,3.00E+00,2.08E+03,2.08E+09,1.55E+03,1.55E+09,7.46E-01,1.74E+02,1.74E+08,buyers,1.20E+01,7.38E-09,4.28E-09,3.10E-09,5.70E-03
Ebay,marketplace,2.02E+03,4.00E+00,3.88E+03,3.88E+09,3.00E+03,3.00E+09,7.72E-01,1.74E+02,1.74E+08,buyers,2.23E+01,1.34E-08,4.44E-09,8.93E-09,0.00E+00
Ebay,marketplace,2.02E+03,1.00E+00,2.37E+03,2.37E+09,1.85E+03,1.85E+09,7.78E-01,1.74E+02,1.74E+08,buyers,1.36E+01,8.36E-09,4.47E-09,3.89E-09,0.00E+00
Ebay,marketplace,2.02E+03,2.00E+00,2.87E+03,2.87E+09,2.27E+03,2.27E+09,7.91E-01,1.82E+02,1.82E+08,buyers,1.57E+01,9.15E-09,4.35E-09,4.80E-09,4.40E-02
Ebay,marketplace,2.02E+03,3.00E+00,2.61E+03,2.61E+09,1.95E+03,1.95E+09,7.48E-01,1.83E+02,1.83E+08,buyers,1.42E+01,8.26E-09,4.09E-09,4.18E-09,5.50E-03
Match Group,social_network,2.01E+03,2.00E+00,7.56E+02,7.56E+08,5.46E+02,5.46E+08,7.22E-01,3.45E+00,3.45E+06,subscribers,2.19E+02,7.15E-06,2.09E-07,6.94E-06,2.90E-03
Match Group,social_network,2.01E+03,3.00E+00,7.82E+02,7.82E+08,5.58E+02,5.58E+08,7.14E-01,3.56E+00,3.56E+06,subscribers,2.20E+02,6.94E-06,2.00E-07,6.74E-06,3.09E-02
Match Group,social_network,2.01E+03,4.00E+00,8.31E+02,8.31E+08,6.15E+02,6.15E+08,7.40E-01,3.56E+00,3.56E+06,subscribers,2.33E+02,7.35E-06,2.08E-07,7.14E-06,0.00E+00
Match Group,social_network,2.02E+03,1.00E+00,7.73E+02,7.73E+08,5.86E+02,5.86E+08,7.58E-01,3.73E+00,3.73E+06,subscribers,2.07E+02,6.25E-06,2.03E-07,6.05E-06,4.56E-02
Match Group,social_network,2.02E+03,2.00E+00,7.71E+02,7.71E+08,5.93E+02,5.93E+08,7.69E-01,4.07E+00,4.07E+06,subscribers,1.90E+02,5.25E-06,1.89E-07,5.06E-06,8.24E-02
Match Group,social_network,2.02E+03,3.00E+00,8.39E+02,8.39E+08,6.39E+02,6.39E+08,7.62E-01,4.17E+00,4.17E+06,subscribers,2.01E+02,5.41E-06,1.83E-07,5.22E-06,2.52E-02
Match Group,social_network,2.02E+03,4.00E+00,8.49E+02,8.49E+08,6.35E+02,6.35E+08,7.48E-01,4.61E+00,4.61E+06,subscribers,1.84E+02,4.47E-06,1.62E-07,4.31E-06,9.54E-02
Match Group,social_network,2.02E+03,1.00E+00,8.19E+02,8.19E+08,6.25E+02,6.25E+08,7.63E-01,5.08E+00,5.08E+06,subscribers,1.61E+02,3.56E-06,1.50E-07,3.41E-06,9.25E-02
Match Group,social_network,2.02E+03,2.00E+00,7.45E+02,7.45E+08,5.75E+02,5.75E+08,7.72E-01,5.30E+00,5.30E+06,subscribers,1.41E+02,2.99E-06,1.46E-07,2.84E-06,4.15E-02
Match Group,social_network,2.02E+03,3.00E+00,7.64E+02,7.64E+08,5.85E+02,5.85E+08,7.66E-01,5.55E+00,5.55E+06,subscribers,1.38E+02,2.79E-06,1.38E-07,2.65E-06,4.50E-02
Match Group,social_network,2.02E+03,4.00E+00,8.11E+02,8.11E+08,5.99E+02,5.99E+08,7.39E-01,5.70E+00,5.70E+06,subscribers,1.42E+02,2.80E-06,1.30E-07,2.67E-06,2.63E-02
Match Group,social_network,2.02E+03,1.00E+00,7.61E+02,7.61E+08,6.15E+02,6.15E+08,8.08E-01,5.91E+00,5.91E+06,subscribers,1.29E+02,2.45E-06,1.37E-07,2.32E-06,3.55E-02
Match Group,social_network,2.02E+03,2.00E+00,7.67E+02,7.67E+08,6.28E+02,6.28E+08,8.19E-01,6.10E+00,6.10E+06,subscribers,1.26E+02,2.32E-06,1.34E-07,2.19E-06,3.11E-02
Match Group,social_network,2.02E+03,3.00E+00,8.28E+02,8.28E+08,6.62E+02,6.62E+08,8.00E-01,6.66E+00,6.66E+06,subscribers,1.24E+02,2.09E-06,1.20E-07,1.97E-06,8.41E-02
Match Group,social_network,2.02E+03,4.00E+00,9.51E+02,9.51E+08,7.51E+02,7.51E+08,7.90E-01,7.04E+00,7.04E+06,subscribers,1.35E+02,2.14E-06,1.12E-07,2.03E-06,5.40E-02
Match Group,social_network,2.02E+03,1.00E+00,9.95E+02,9.95E+08,7.93E+02,7.93E+08,7.97E-01,7.43E+00,7.43E+06,subscribers,1.34E+02,2.00E-06,1.07E-07,1.90E-06,5.25E-02
Match Group,social_network,2.02E+03,2.00E+00,1.06E+03,1.06E+09,8.41E+02,8.41E+08,7.94E-01,7.72E+00,7.72E+06,subscribers,1.37E+02,1.97E-06,1.03E-07,1.87E-06,3.76E-02
Match Group,social_network,2.02E+03,3.00E+00,1.11E+03,1.11E+09,8.67E+02,8.67E+08,7.85E-01,8.09E+00,8.09E+06,subscribers,1.37E+02,1.87E-06,9.70E-08,1.77E-06,4.57E-02
Match Group,social_network,2.02E+03,4.00E+00,1.10E+03,1.10E+09,8.50E+02,8.50E+08,7.70E-01,8.23E+00,8.23E+06,subscribers,1.34E+02,1.80E-06,9.36E-08,1.71E-06,1.70E-02
Match Group,social_network,2.02E+03,1.00E+00,1.11E+03,1.11E+09,8.46E+02,8.46E+08,7.65E-01,8.60E+00,8.60E+06,subscribers,1.29E+02,1.65E-06,8.89E-08,1.56E-06,4.30E-02
Match Group,social_network,2.02E+03,2.00E+00,4.98E+02,4.98E+08,3.71E+02,3.71E+08,7.45E-01,9.10E+00,9.10E+06,subscribers,5.50E+01,6.91E-07,8.19E-08,6.10E-07,5.49E-02
Match Group,social_network,2.02E+03,3.00E+00,5.41E+02,5.41E+08,4.03E+02,4.03E+08,7.45E-01,9.60E+00,9.60E+06,subscribers,5.60E+01,6.72E-07,7.76E-08,5.95E-07,5.21E-02
Match Group,social_network,2.02E+03,4.00E+00,2.61E+03,2.61E+09,2.01E+03,2.01E+09,7.69E-01,9.80E+00,9.80E+06,subscribers,2.67E+02,2.89E-06,7.85E-08,2.81E-06,2.04E-02
Match Group,social_network,2.02E+03,1.00E+00,1.23E+03,1.23E+09,9.06E+02,9.06E+08,7.37E-01,9.90E+00,9.90E+06,subscribers,1.24E+02,1.38E-06,7.45E-08,1.31E-06,1.01E-02
Match Group,social_network,2.02E+03,2.00E+00,5.55E+02,5.55E+08,4.07E+02,4.07E+08,7.33E-01,1.01E+01,1.01E+07,subscribers,5.50E+01,6.22E-07,7.26E-08,5.50E-07,1.98E-02
Match Group,social_network,2.02E+03,3.00E+00,6.40E+02,6.40E+08,4.70E+02,4.70E+08,7.34E-01,1.08E+01,1.08E+07,subscribers,5.90E+01,6.23E-07,6.80E-08,5.55E-07,6.48E-02
Eventbrite,marketplace,2.02E+03,2.00E+00,4.50E+01,4.50E+07,2.70E+01,2.70E+07,6.00E-01,1.56E+01,1.56E+07,tickets,2.88E+00,2.42E-08,3.85E-08,-1.43E-08,5.77E-02
Eventbrite,marketplace,2.02E+03,3.00E+00,5.10E+01,5.10E+07,3.00E+01,3.00E+07,5.88E-01,1.81E+01,1.81E+07,tickets,2.82E+00,2.02E-08,3.25E-08,-1.23E-08,1.38E-01
Eventbrite,marketplace,2.02E+03,4.00E+00,6.30E+01,6.30E+07,3.70E+01,3.70E+07,5.87E-01,2.27E+01,2.27E+07,tickets,2.78E+00,1.57E-08,2.59E-08,-1.02E-08,2.03E-01
Eventbrite,marketplace,2.02E+03,1.00E+00,7.50E+01,7.50E+07,4.60E+01,4.60E+07,6.13E-01,2.36E+01,2.36E+07,tickets,3.18E+00,1.71E-08,2.60E-08,-8.89E-09,3.81E-02
Eventbrite,marketplace,2.02E+03,2.00E+00,6.80E+01,6.80E+07,3.80E+01,3.80E+07,5.59E-01,2.31E+01,2.31E+07,tickets,2.94E+00,1.63E-08,2.42E-08,-7.92E-09,-2.16E-02
Eventbrite,marketplace,2.02E+03,3.00E+00,7.40E+01,7.40E+07,4.20E+01,4.20E+07,5.68E-01,2.40E+01,2.40E+07,tickets,3.08E+00,1.63E-08,2.36E-08,-7.32E-09,3.75E-02
Eventbrite,marketplace,2.02E+03,4.00E+00,7.60E+01,7.60E+07,4.50E+01,4.50E+07,5.92E-01,2.67E+01,2.67E+07,tickets,2.85E+00,1.35E-08,2.22E-08,-8.65E-09,1.01E-01
Eventbrite,marketplace,2.02E+03,1.00E+00,8.10E+01,8.10E+07,5.10E+01,5.10E+07,6.30E-01,2.70E+01,2.70E+07,tickets,3.00E+00,1.40E-08,2.33E-08,-9.27E-09,1.11E-02
Eventbrite,marketplace,2.02E+03,2.00E+00,8.10E+01,8.10E+07,5.00E+01,5.00E+07,6.17E-01,2.65E+01,2.65E+07,tickets,3.06E+00,1.46E-08,2.33E-08,-8.71E-09,-1.89E-02
Eventbrite,marketplace,2.02E+03,3.00E+00,8.20E+01,8.20E+07,4.90E+01,4.90E+07,5.98E-01,2.69E+01,2.69E+07,tickets,3.05E+00,1.43E-08,2.22E-08,-7.89E-09,1.49E-02
Eventbrite,marketplace,2.02E+03,4.00E+00,8.30E+01,8.30E+07,4.90E+01,4.90E+07,5.90E-01,2.90E+01,2.90E+07,tickets,2.86E+00,1.25E-08,2.04E-08,-7.89E-09,7.24E-02